f_corona,g_feedback,kTe_keV,tau_T
0.1,0.1,10.0,0.7192580637663085
0.1,0.1,10.168767647860228,0.7050602358733995
0.1,0.1,10.340383547616884,0.6911592646709933
0.1,0.1,10.514895768547275,0.6775504187630178
0.1,0.1,10.692353191182594,0.6642207790800445
0.1,0.1,10.872805520999258,0.651157501088356
0.1,0.1,11.056303302341332,0.6380294460482318
0.1,0.1,11.242897932577874,0.6240669480215132
0.1,0.1,11.432641676499253,0.6104056862087996
0.1,0.1,11.625587680956412,0.5978358516730291
0.1,0.1,11.821789989747199,0.5870506958629614
0.1,0.1,12.021303558753923,0.5764379830369206
0.1,0.1,12.22418427133639,0.565450330487353
0.1,0.1,12.43048895398473,0.5540032058004799
0.1,0.1,12.640275392236385,0.5427462390603852
0.1,0.1,12.853602346861711,0.5316696649635546
0.1,0.1,13.070529570322767,0.5207631419494706
0.1,0.1,13.29111782350986,0.5100177618070136
0.1,0.1,13.515428892760552,0.4986329118156714
0.1,0.1,13.74352560716589,0.489447767947693
0.1,0.1,13.975471856168708,0.4803905279702434
0.1,0.1,14.21133260745895,0.47145607448943555
0.1,0.1,14.451173925170965,0.46263586676008256
0.1,0.1,14.695062988387981,0.45392561625802397
0.1,0.1,14.943068109958794,0.44443115969536234
0.1,0.1,15.195258755632087,0.4349633564052858
0.1,0.1,15.451705563513645,0.4256051078468545
0.1,0.1,15.712480363851945,0.41635189207491846
0.1,0.1,15.977656199157677,0.40863880333936775
0.1,0.1,16.247307344662794,0.4015540940608379
0.1,0.1,16.521509329124886,0.3938606456313246
0.1,0.1,16.80033895598261,0.38626193803499503
0.1,0.1,17.083874324868184,0.3787486304932377
0.1,0.1,17.37219485348296,0.37131552281414454
0.1,0.1,17.66538129984215,0.363955246762004
0.1,0.1,17.96351578489499,0.3563661191332229
0.1,0.1,18.26668181552667,0.3483073223467611
0.1,0.1,18.574964307948434,0.3409153409473566
0.1,0.1,18.88844961148245,0.33488629201660186
0.1,0.1,19.207225532748076,0.328922220384536
0.1,0.1,19.531381360256354,0.32302342977028553
0.1,0.1,19.861007889419515,0.31679402200704176
0.1,0.1,20.19619744798259,0.3103514228243004
0.1,0.1,20.537043921884266,0.30397378790997115
0.1,0.1,20.883642781554126,0.2976516991563341
0.1,0.1,21.236091108653728,0.2913821750754435
0.1,0.1,21.59448762326903,0.2851537034916345
0.1,0.1,21.958932711561623,0.279798368102587
0.1,0.1,22.32952845388675,0.27461194111114595
0.1,0.1,22.7063786533858,0.2694845492706395
0.1,0.1,23.089588865061362,0.26441092061467714
0.1,0.1,23.479266425342974,0.2593898769283645
0.1,0.1,23.875520482151853,0.254398066407565
0.1,0.1,24.278462025473,0.2489082994705366
0.1,0.1,24.688203918443293,0.24346944885323601
0.1,0.1,25.104860928964218,0.23807539770407218
0.1,0.1,25.52854976184816,0.23340889628998873
0.1,0.1,25.959389091507152,0.22933863333913404
0.1,0.1,26.397499595193363,0.2251951197509257
0.1,0.1,26.843003986800575,0.2207668810321166
0.1,0.1,27.29602705123608,0.21638984970094888
0.1,0.1,27.756695679372694,0.2120619592214386
0.1,0.1,28.225138903590686,0.20778102373558363
0.1,0.1,28.701487933919406,0.20353859251915607
0.1,0.1,29.18587619478904,0.19910905838511875
0.1,0.1,29.678439362402475,0.19467904942027225
0.1,0.1,30.179315402737984,0.19110258716465198
0.1,0.1,30.688644610193187,0.18757322711989094
0.1,0.1,31.206569646881267,0.18408647520000057
0.1,0.1,31.73323558259032,0.18064455292891296
0.1,0.1,32.268789935417146,0.17697134786786073
0.1,0.1,32.81338271308677,0.173234888014163
0.1,0.1,33.36716645496928,0.1695447049930434
0.1,0.1,33.93029627480585,0.16589764458689865
0.1,0.1,34.50292990415581,0.1622883722467489
0.1,0.1,35.08522773657688,0.1593952656672236
0.1,0.1,35.67735287255113,0.15629955067037885
0.1,0.1,36.2794711651691,0.15323085191416233
0.1,0.1,36.891751266584954,0.15020557539921614
0.1,0.1,37.51436467525557,0.14722425964083907
0.1,0.1,38.14748578397694,0.14428551896450398
0.1,0.1,38.79129192873127,0.14133225365259242
0.1,0.1,39.44596343835841,0.1381511084121588
0.1,0.1,40.11168368506564,0.13501519373039186
0.1,0.1,40.78863913578985,0.13237200028276105
0.1,0.1,41.47701940442654,0.12989276189346066
0.1,0.1,42.17701730494035,0.12745423511495188
0.1,0.1,42.888828905371845,0.12494774411584295
0.1,0.1,43.61265358275578,0.12232055776195164
0.1,0.1,44.348694078966226,0.1197374027044835
0.1,0.1,45.09715655750422,0.11719652906586014
0.1,0.1,45.858250661243666,0.11469435742491077
0.1,0.1,46.632189571151955,0.11223343222675436
0.1,0.1,47.419190066001484,0.10993412096945876
0.1,0.1,48.21947258308911,0.10772982562820806
0.1,0.1,49.033261279979975,0.10556756507020243
0.1,0.1,49.8607840972938,0.1034426521937761
0.1,0.1,50.70227282255049,0.10135393947134985
0.1,0.1,51.55796315509344,0.09930357634200003
0.1,0.1,52.42809477210838,0.09710215924409664
0.1,0.1,53.312911395756565,0.09490739717195243
0.1,0.1,54.212660861440824,0.09275492514277402
0.1,0.1,55.12759518722379,0.09089362095277316
0.1,0.1,56.05797064441765,0.08912619285448978
0.1,0.1,57.00404782936526,0.0873797410127787
0.1,0.1,57.96609173643265,0.08549234061863178
0.1,0.1,58.944371832233415,0.08364421135320431
0.1,0.1,59.93916213110589,0.08183411526588721
0.1,0.1,60.950741271863855,0.08006084037673993
0.1,0.1,61.97939259584283,0.07832319852873752
0.1,0.1,63.025404226263404,0.07656637601431655
0.1,0.1,64.08906914893406,0.07495631612843004
0.1,0.1,65.17068529431577,0.07338116043832696
0.1,0.1,66.27055562097186,0.07183996914472537
0.1,0.1,67.38898820042604,0.07033150693896398
0.1,0.1,68.52629630345271,0.06885512525171295
0.1,0.1,69.68279848782338,0.06733017498493567
0.1,0.1,70.85881868753421,0.06576667236664743
0.1,0.1,72.05468630353916,0.06424005695344687
0.1,0.1,73.27073629601465,0.06283052442995819
0.1,0.1,74.5073092781812,0.06153451266382404
0.1,0.1,75.76475161170852,0.06026720394337082
0.1,0.1,77.04341550373073,0.058930900096797294
0.1,0.1,78.34365910549901,0.057593848143987894
0.1,0.1,79.66584661269887,0.05628955624983961
0.1,0.1,81.01034836746076,0.05501699677310479
0.1,0.1,82.37754096209213,0.053775175390395745
0.1,0.1,83.76780734456032,0.052570001752089125
0.1,0.1,85.18153692575534,0.051391174945695214
0.1,0.1,86.61912568856323,0.050238682742034795
0.1,0.1,88.08097629878006,0.04911518205713893
0.1,0.1,89.56749821789782,0.0480197838178018
0.1,0.1,91.07910781779381,0.046951628980177317
0.1,0.1,92.61622849735552,0.045889454137999316
0.1,0.1,94.17929080107395,0.044771447859621775
0.1,0.1,95.76873253963811,0.04368482362180294
0.1,0.1,97.38499891256511,0.04270716688270977
0.1,0.1,99.02854263289956,0.04175828256308932
0.1,0.1,100.69982405401764,0.04083353552194446
0.1,0.1,102.39931129857108,0.039894956628861375
0.1,0.1,104.1274803896079,0.03893137869948072
0.1,0.1,105.88481538390441,0.037995006592488216
0.1,0.1,107.67180850755013,0.037084855441412365
0.1,0.1,109.48896029381763,0.03620013396140703
0.1,0.1,111.3367797233627,0.03539458323039587
0.1,0.1,113.215784366787,0.034562756641506556
0.1,0.1,115.12650052961035,0.033728302921716934
0.1,0.1,117.06946339968653,0.03291777926005764
0.1,0.1,119.04521719710894,0.032130371597291006
0.1,0.1,121.05431532664555,0.03136528225598815
0.1,0.1,123.09732053274638,0.030621699246474083
0.1,0.3,10.0,0.6695723819971986
0.1,0.3,10.168767647860228,0.6558710585472555
0.1,0.3,10.340383547616884,0.642439078576109
0.1,0.3,10.514895768547275,0.6292647080850822
0.1,0.3,10.692353191182594,0.6163341176432184
0.1,0.3,10.872805520999258,0.6036422221206366
0.1,0.3,11.056303302341332,0.5928987274904378
0.1,0.3,11.242897932577874,0.5818553438545839
0.1,0.3,11.432641676499253,0.5709808228467944
0.1,0.3,11.625587680956412,0.5602693710813885
0.1,0.3,11.821789989747199,0.54971287860885
0.1,0.3,12.021303558753923,0.5393034771903964
0.1,0.3,12.22418427133639,0.528513601573283
0.1,0.3,12.43048895398473,0.5172503434543193
0.1,0.3,12.640275392236385,0.50614274181003
0.1,0.3,12.853602346861711,0.4959650273462937
0.1,0.3,13.070529570322767,0.4875321072774565
0.1,0.3,13.29111782350986,0.47919754054206637
0.1,0.3,13.515428892760552,0.4703314242975399
0.1,0.3,13.74352560716589,0.46127593510998416
0.1,0.3,13.975471856168708,0.4523286038082889
0.1,0.3,14.21133260745895,0.44348137846181995
0.1,0.3,14.451173925170965,0.43472627098847577
0.1,0.3,14.695062988387981,0.4260563359279235
0.1,0.3,14.943068109958794,0.41657845232196966
0.1,0.3,15.195258755632087,0.40862976301946374
0.1,0.3,15.451705563513645,0.4014909481925285
0.1,0.3,15.712480363851945,0.3944288444672637
0.1,0.3,15.977656199157677,0.38743884434107956
0.1,0.3,16.247307344662794,0.3804167170177993
0.1,0.3,16.521509329124886,0.372778876737318
0.1,0.3,16.80033895598261,0.3652154932670952
0.1,0.3,17.083874324868184,0.35771748904931094
0.1,0.3,17.37219485348296,0.3502758648590136
0.1,0.3,17.66538129984215,0.3428812780910979
0.1,0.3,17.96351578489499,0.3371141033937659
0.1,0.3,18.26668181552667,0.3310111801586395
0.1,0.3,18.574964307948434,0.32497328664901126
0.1,0.3,18.88844961148245,0.3189941276436033
0.1,0.3,19.207225532748076,0.31307065712112075
0.1,0.3,19.531381360256354,0.30719777906256285
0.1,0.3,19.861007889419515,0.3009861853649402
0.1,0.3,20.19619744798259,0.2945488474450918
0.1,0.3,20.537043921884266,0.2881530137927369
0.1,0.3,20.883642781554126,0.2823980011699422
0.1,0.3,21.236091108653728,0.27763830572409925
0.1,0.3,21.59448762326903,0.2729258864096116
0.1,0.3,21.958932711561623,0.2678324688088439
0.1,0.3,22.32952845388675,0.2626901173204875
0.1,0.3,22.7063786533858,0.2575978756542601
0.1,0.3,23.089588865061362,0.2525496235195382
0.1,0.3,23.479266425342974,0.24754382499505959
0.1,0.3,23.875520482151853,0.242556223481988
0.1,0.3,24.278462025473,0.23706174135936936
0.1,0.3,24.688203918443293,0.23257195196481528
0.1,0.3,25.104860928964218,0.2284549774566511
0.1,0.3,25.52854976184816,0.22438315712085094
0.1,0.3,25.959389091507152,0.22035480068736032
0.1,0.3,26.397499595193363,0.2162496508103476
0.1,0.3,26.843003986800575,0.21185735001824105
0.1,0.3,27.29602705123608,0.20751038546842188
0.1,0.3,27.756695679372694,0.20320342969844324
0.1,0.3,28.225138903590686,0.19893592472485622
0.1,0.3,28.701487933919406,0.1948594623926698
0.1,0.3,29.18587619478904,0.19142627209705496
0.1,0.3,29.678439362402475,0.18784842152542414
0.1,0.3,30.179315402737984,0.18431847545150237
0.1,0.3,30.688644610193187,0.18082894129637497
0.1,0.3,31.206569646881267,0.17738148303949977
0.1,0.3,31.73323558259032,0.1739714130443568
0.1,0.3,32.268789935417146,0.1703328565649929
0.1,0.3,32.81338271308677,0.1666255902095828
0.1,0.3,33.36716645496928,0.162958571293146
0.1,0.3,33.93029627480585,0.15988823852079034
0.1,0.3,34.50292990415581,0.15704907591947925
0.1,0.3,35.08522773657688,0.1542497033192604
0.1,0.3,35.67735287255113,0.15119748538982303
0.1,0.3,36.2794711651691,0.14816979950020104
0.1,0.3,36.891751266584954,0.14518258762883043
0.1,0.3,37.51436467525557,0.14223738441313696
0.1,0.3,38.14748578397694,0.13933079945285173
0.1,0.3,38.79129192873127,0.13640725271366055
0.1,0.3,39.44596343835841,0.13345979486510218
0.1,0.3,40.11168368506564,0.13094289676725604
0.1,0.3,40.78863913578985,0.12846346155964164
0.1,0.3,41.47701940442654,0.12602430223175148
0.1,0.3,42.17701730494035,0.12362017630365475
0.1,0.3,42.888828905371845,0.12115086640517658
0.1,0.3,43.61265358275578,0.11856170413433706
0.1,0.3,44.348694078966226,0.11601250784181717
0.1,0.3,45.09715655750422,0.11350513860291007
0.1,0.3,45.858250661243666,0.11109416952907572
0.1,0.3,46.632189571151955,0.1090738031949568
0.1,0.3,47.419190066001484,0.1069544391842632
0.1,0.3,48.21947258308911,0.10478570329584219
0.1,0.3,49.033261279979975,0.10265768479509979
0.1,0.3,49.8607840972938,0.10056685398895909
0.1,0.3,50.70227282255049,0.09851183826748668
0.1,0.3,51.55796315509344,0.09649373863616638
0.1,0.3,52.42809477210838,0.09432619997157855
0.1,0.3,53.312911395756565,0.09219115457146868
0.1,0.3,54.212660861440824,0.0903867238248708
0.1,0.3,55.12759518722379,0.08861702213668103
0.1,0.3,56.05797064441765,0.08688001135000256
0.1,0.3,57.00404782936526,0.08516328065623852
0.1,0.3,57.96609173643265,0.08330819103307531
0.1,0.3,58.944371832233415,0.08149128778356178
0.1,0.3,59.93916213110589,0.07971134309728513
0.1,0.3,60.950741271863855,0.07796715290552653
0.1,0.3,61.97939259584283,0.0762984130380439
0.1,0.3,63.025404226263404,0.0747951367972796
0.1,0.3,64.08906914893406,0.07321348626329262
0.1,0.3,65.17068529431577,0.07166606675160424
0.1,0.3,66.27055562097186,0.07015188361621692
0.1,0.3,67.38898820042604,0.06866996844787086
0.1,0.3,68.52629630345271,0.06721909465086374
0.1,0.3,69.68279848782338,0.06572070290523947
0.1,0.3,70.85881868753421,0.06418443607274235
0.1,0.3,72.05468630353916,0.06277394308765176
0.1,0.3,73.27073629601465,0.061472217614679
0.1,0.3,74.5073092781812,0.060199202347202906
0.1,0.3,75.76475161170852,0.05895418339737974
0.1,0.3,77.04341550373073,0.05764174527778285
0.1,0.3,78.34365910549901,0.05632860836025085
0.1,0.3,79.66584661269887,0.05504753079550952
0.1,0.3,81.01034836746076,0.05379750399973537
0.1,0.3,82.37754096209213,0.0525831440448058
0.1,0.3,83.76780734456032,0.05150573635080193
0.1,0.3,85.18153692575534,0.05034806879974085
0.1,0.3,86.61912568856323,0.04921614406546328
0.1,0.3,88.08097629878006,0.04811263877966708
0.1,0.3,89.56749821789782,0.047036681321049365
0.1,0.3,91.07910781779381,0.045987429403272884
0.1,0.3,92.61622849735552,0.04494413368225112
0.1,0.3,94.17929080107395,0.043846519602022634
0.1,0.3,95.76873253963811,0.04284792063012006
0.1,0.3,97.38499891256511,0.041891255471213876
0.1,0.3,99.02854263289956,0.04095901847341207
0.1,0.3,100.69982405401764,0.0400504681947187
0.1,0.3,102.39931129857108,0.03912845710558142
0.1,0.3,104.1274803896079,0.03818205654360165
0.1,0.3,105.88481538390441,0.037262337273660864
0.1,0.3,107.67180850755013,0.036368391115691005
0.1,0.3,109.48896029381763,0.035544519975320314
0.1,0.3,111.3367797233627,0.03475406025697344
0.1,0.3,113.215784366787,0.03393680851516762
0.1,0.3,115.12650052961035,0.033116973852508155
0.1,0.3,117.06946339968653,0.03232061426340651
0.1,0.3,119.04521719710894,0.03154694234671632
0.1,0.3,121.05431532664555,0.03079519099575793
0.1,0.3,123.09732053274638,0.030064622587584633
0.1,1.0,10.0,0.5192558044407148
0.1,1.0,10.168767647860228,0.5089487334422035
0.1,1.0,10.340383547616884,0.4987164779597138
0.1,1.0,10.514895768547275,0.49119184262212395
0.1,1.0,10.692353191182594,0.4837314951192472
0.1,1.0,10.872805520999258,0.4763302116616057
0.1,1.0,11.056303302341332,0.4688089851482449
0.1,1.0,11.242897932577874,0.4607358183994237
0.1,1.0,11.432641676499253,0.4527269125228871
0.1,1.0,11.625587680956412,0.44477017314915585
0.1,1.0,11.821789989747199,0.4368607217707387
0.1,1.0,12.021303558753923,0.42899104203650806
0.1,1.0,12.22418427133639,0.42077222496419986
0.1,1.0,12.43048895398473,0.4124925643954452
0.1,1.0,12.640275392236385,0.4062171270192525
0.1,1.0,12.853602346861711,0.3999897893989564
0.1,1.0,13.070529570322767,0.3938066734379035
0.1,1.0,13.29111782350986,0.38766681586901536
0.1,1.0,13.515428892760552,0.38111543653158186
0.1,1.0,13.74352560716589,0.3743904809488941
0.1,1.0,13.975471856168708,0.3677048423333144
0.1,1.0,14.21133260745895,0.3610503109148557
0.1,1.0,14.451173925170965,0.3544211091221983
0.1,1.0,14.695062988387981,0.34781020330093354
0.1,1.0,14.943068109958794,0.3411792759955537
0.1,1.0,15.195258755632087,0.3358815433938366
0.1,1.0,15.451705563513645,0.33062415399595535
0.1,1.0,15.712480363851945,0.3254039103733201
0.1,1.0,15.977656199157677,0.3202194558433652
0.1,1.0,16.247307344662794,0.31499458143118986
0.1,1.0,16.521509329124886,0.3093052747469012
0.1,1.0,16.80033895598261,0.30364922526101445
0.1,1.0,17.083874324868184,0.29801961097031054
0.1,1.0,17.37219485348296,0.2924099642007312
0.1,1.0,17.66538129984215,0.2868138786810406
0.1,1.0,17.96351578489499,0.2818758986050295
0.1,1.0,18.26668181552667,0.2773580700438035
0.1,1.0,18.574964307948434,0.27287723195327823
0.1,1.0,18.88844961148245,0.2684310033626807
0.1,1.0,19.207225532748076,0.264016912299581
0.1,1.0,19.531381360256354,0.25963228581473075
0.1,1.0,19.861007889419515,0.25499504786916033
0.1,1.0,20.19619744798259,0.2501851734054712
0.1,1.0,20.537043921884266,0.2454012574050972
0.1,1.0,20.883642781554126,0.24063784576052752
0.1,1.0,21.236091108653728,0.23589083549045217
0.1,1.0,21.59448762326903,0.23231606661599088
0.1,1.0,21.958932711561623,0.2285100205736575
0.1,1.0,22.32952845388675,0.22466697830344365
0.1,1.0,22.7063786533858,0.22085537723574128
0.1,1.0,23.089588865061362,0.2170771189912034
0.1,1.0,23.479266425342974,0.2133276915434493
0.1,1.0,23.875520482151853,0.20959250111117902
0.1,1.0,24.278462025473,0.20548996177680895
0.1,1.0,24.688203918443293,0.2014138282322773
0.1,1.0,25.104860928964218,0.19736139605331998
0.1,1.0,25.52854976184816,0.1938269753596621
0.1,1.0,25.959389091507152,0.1907839924296715
0.1,1.0,26.397499595193363,0.18768565405277846
0.1,1.0,26.843003986800575,0.18437438009428816
0.1,1.0,27.29602705123608,0.18109712326485605
0.1,1.0,27.756695679372694,0.17785281890925267
0.1,1.0,28.225138903590686,0.17463926520672993
0.1,1.0,28.701487933919406,0.17145427074875744
0.1,1.0,29.18587619478904,0.16812810076490542
0.1,1.0,29.678439362402475,0.16465413864021874
0.1,1.0,30.179315402737984,0.1613841497856199
0.1,1.0,30.688644610193187,0.15871787107745372
0.1,1.0,31.206569646881267,0.1560851544204035
0.1,1.0,31.73323558259032,0.1534793539173408
0.1,1.0,32.268789935417146,0.1507064703492681
0.1,1.0,32.81338271308677,0.14788334903209802
0.1,1.0,33.36716645496928,0.14509531858539076
0.1,1.0,33.93029627480585,0.14233676780984936
0.1,1.0,34.50292990415581,0.13961101752328883
0.1,1.0,35.08522773657688,0.13691291047787146
0.1,1.0,35.67735287255113,0.13404132648380432
0.1,1.0,36.2794711651691,0.13169563173007237
0.1,1.0,36.891751266584954,0.1293838897056181
0.1,1.0,37.51436467525557,0.12710153593516743
0.1,1.0,38.14748578397694,0.12485084297683212
0.1,1.0,38.79129192873127,0.12259025811191344
0.1,1.0,39.44596343835841,0.12015841312370244
0.1,1.0,40.11168368506564,0.11776147847812203
0.1,1.0,40.78863913578985,0.11539968240171519
0.1,1.0,41.47701940442654,0.11306817751533503
0.1,1.0,42.17701730494035,0.11087455937485244
0.1,1.0,42.888828905371845,0.10892868755053015
0.1,1.0,43.61265358275578,0.10689157588485633
0.1,1.0,44.348694078966226,0.1048844097872307
0.1,1.0,45.09715655750422,0.10291038934199565
0.1,1.0,45.858250661243666,0.1009681289619863
0.1,1.0,46.632189571151955,0.09905470518422844
0.1,1.0,47.419190066001484,0.0970439978412857
0.1,1.0,48.21947258308911,0.0949898720049569
0.1,1.0,49.033261279979975,0.09296938384555359
0.1,1.0,49.8607840972938,0.09119466397256192
0.1,1.0,50.70227282255049,0.0895457168827147
0.1,1.0,51.55796315509344,0.08792460978591707
0.1,1.0,52.42809477210838,0.08618576003493347
0.1,1.0,53.312911395756565,0.08445172117021098
0.1,1.0,54.212660861440824,0.08274966405341684
0.1,1.0,55.12759518722379,0.08107865172603093
0.1,1.0,56.05797064441765,0.07943719369855305
0.1,1.0,57.00404782936526,0.07781402050539268
0.1,1.0,57.96609173643265,0.07613039730953919
0.1,1.0,58.944371832233415,0.07464556528997814
0.1,1.0,59.93916213110589,0.0731900151022965
0.1,1.0,60.950741271863855,0.07176270863103638
0.1,1.0,61.97939259584283,0.07036231902078718
0.1,1.0,63.025404226263404,0.06894615107132472
0.1,1.0,64.08906914893406,0.06745683601614448
0.1,1.0,65.17068529431577,0.0659990509016116
0.1,1.0,66.27055562097186,0.06457184759686843
0.1,1.0,67.38898820042604,0.06321086932569549
0.1,1.0,68.52629630345271,0.06200207238389455
0.1,1.0,69.68279848782338,0.06075342965863064
0.1,1.0,70.85881868753421,0.05947227339108191
0.1,1.0,72.05468630353916,0.058219469176165564
0.1,1.0,73.27073629601465,0.05699422138923741
0.1,1.0,74.5073092781812,0.055795756886703816
0.1,1.0,75.76475161170852,0.05462332410035644
0.1,1.0,77.04341550373073,0.05338849959730055
0.1,1.0,78.34365910549901,0.05220119478831729
0.1,1.0,79.66584661269887,0.051114869137138426
0.1,1.0,81.01034836746076,0.0500532138189114
0.1,1.0,82.37754096209213,0.049015555295618934
0.1,1.0,83.76780734456032,0.048001240100786775
0.1,1.0,85.18153692575534,0.04691244927946841
0.1,1.0,86.61912568856323,0.0458477181121164
0.1,1.0,88.08097629878006,0.044809527123159255
0.1,1.0,89.56749821789782,0.04379722439545238
0.1,1.0,91.07910781779381,0.04287907459631185
0.1,1.0,92.61622849735552,0.04197816283777429
0.1,1.0,94.17929080107395,0.041029624580123145
0.1,1.0,95.76873253963811,0.04010542730613199
0.1,1.0,97.38499891256511,0.03920484326395339
0.1,1.0,99.02854263289956,0.0383271548816106
0.1,1.0,100.69982405401764,0.03747166900139483
0.1,1.0,102.39931129857108,0.036603978909186256
0.1,1.0,104.1274803896079,0.03574655199866685
0.1,1.0,105.88481538390441,0.034940382363254044
0.1,1.0,107.67180850755013,0.03415522608511754
0.1,1.0,109.48896029381763,0.03339044375987716
0.1,1.0,111.3367797233627,0.03264541797094265
0.1,1.0,113.215784366787,0.03187575084252976
0.1,1.0,115.12650052961035,0.031104010295073897
0.1,1.0,117.06946339968653,0.030354284869889205
0.3,0.1,10.0,1.9221570425012446
0.3,0.1,10.168767647860228,1.8936732626018364
0.3,0.1,10.340383547616884,1.866983899498574
0.3,0.1,10.514895768547275,1.8382136790747365
0.3,0.1,10.692353191182594,1.8055692887761983
0.3,0.1,10.872805520999258,1.7747482668366579
0.3,0.1,11.056303302341332,1.7446479335689467
0.3,0.1,11.242897932577874,1.7131320121561415
0.3,0.1,11.432641676499253,1.6835494738657797
0.3,0.1,11.625587680956412,1.655731116214425
0.3,0.1,11.821789989747199,1.6295297863852254
0.3,0.1,12.021303558753923,1.604810492376109
0.3,0.1,12.22418427133639,1.5799274543232305
0.3,0.1,12.43048895398473,1.5547753086784055
0.3,0.1,12.640275392236385,1.5300138844204993
0.3,0.1,12.853602346861711,1.5012976696515206
0.3,0.1,13.070529570322767,1.4741687544513462
0.3,0.1,13.29111782350986,1.4484998235358
0.3,0.1,13.515428892760552,1.421802958993618
0.3,0.1,13.74352560716589,1.3955920606456909
0.3,0.1,13.975471856168708,1.3709323310183172
0.3,0.1,14.21133260745895,1.3476990439728938
0.3,0.1,14.451173925170965,1.3257723609526366
0.3,0.1,14.695062988387981,1.3050528847857925
0.3,0.1,14.943068109958794,1.2829105145883126
0.3,0.1,15.195258755632087,1.2593907020433004
0.3,0.1,15.451705563513645,1.2350545638299395
0.3,0.1,15.712480363851945,1.2120249823723208
0.3,0.1,15.977656199157677,1.1902076094315432
0.3,0.1,16.247307344662794,1.1691251819542356
0.3,0.1,16.521509329124886,1.146681840099413
0.3,0.1,16.80033895598261,1.1255455304917796
0.3,0.1,17.083874324868184,1.1056081736619274
0.3,0.1,17.37219485348296,1.0867765166772163
0.3,0.1,17.66538129984215,1.0689650371431256
0.3,0.1,17.96351578489499,1.050533956647509
0.3,0.1,18.26668181552667,1.0291238546665118
0.3,0.1,18.574964307948434,1.0088539266599081
0.3,0.1,18.88844961148245,0.9896395231964238
0.3,0.1,19.207225532748076,0.9714084918484682
0.3,0.1,19.531381360256354,0.9540915023149937
0.3,0.1,19.861007889419515,0.9362564685287514
0.3,0.1,20.19619744798259,0.9184495378116492
0.3,0.1,20.537043921884266,0.9016352316380941
0.3,0.1,20.883642781554126,0.885733344415571
0.3,0.1,21.236091108653728,0.8701178124290749
0.3,0.1,21.59448762326903,0.8539293207107749
0.3,0.1,21.958932711561623,0.8366946585455142
0.3,0.1,22.32952845388675,0.8199279672532872
0.3,0.1,22.7063786533858,0.8040147921117275
0.3,0.1,23.089588865061362,0.7888953029524766
0.3,0.1,23.479266425342974,0.7745139110311344
0.3,0.1,23.875520482151853,0.7607622415996063
0.3,0.1,24.278462025473,0.745888440309904
0.3,0.1,24.688203918443293,0.7318277133075722
0.3,0.1,25.104860928964218,0.7178438963907359
0.3,0.1,25.52854976184816,0.7039327013289229
0.3,0.1,25.959389091507152,0.6906392607706567
0.3,0.1,26.397499595193363,0.6774641978331319
0.3,0.1,26.843003986800575,0.6636231669481844
0.3,0.1,27.29602705123608,0.6504746122361993
0.3,0.1,27.756695679372694,0.6379704949268419
0.3,0.1,28.225138903590686,0.6260677230731643
0.3,0.1,28.701487933919406,0.6147296061508937
0.3,0.1,29.18587619478904,0.6031864543559907
0.3,0.1,29.678439362402475,0.5907596408576259
0.3,0.1,30.179315402737984,0.5787903518909024
0.3,0.1,30.688644610193187,0.5673570205023387
0.3,0.1,31.206569646881267,0.5564280173655777
0.3,0.1,31.73323558259032,0.5459713182236495
0.3,0.1,32.268789935417146,0.5349684737398007
0.3,0.1,32.81338271308677,0.5241052081158373
0.3,0.1,33.36716645496928,0.5137723705525282
0.3,0.1,33.93029627480585,0.5039348711229205
0.3,0.1,34.50292990415581,0.4943499454033063
0.3,0.1,35.08522773657688,0.484915375093778
0.3,0.1,35.67735287255113,0.47467168101258644
0.3,0.1,36.2794711651691,0.4648133747327315
0.3,0.1,36.891751266584954,0.4553974168368711
0.3,0.1,37.51436467525557,0.44639546402076674
0.3,0.1,38.14748578397694,0.43778516400339906
0.3,0.1,38.79129192873127,0.4293584752585028
0.3,0.1,39.44596343835841,0.4203849236972468
0.3,0.1,40.11168368506564,0.41179349607534943
0.3,0.1,40.78863913578985,0.4033577649507447
0.3,0.1,41.47701940442654,0.39526545115409173
0.3,0.1,42.17701730494035,0.3874996289639196
0.3,0.1,42.888828905371845,0.37964079579799026
0.3,0.1,43.61265358275578,0.37150746776645455
0.3,0.1,44.348694078966226,0.36374512239309814
0.3,0.1,45.09715655750422,0.356330610293649
0.3,0.1,45.858250661243666,0.34924310519756874
0.3,0.1,46.632189571151955,0.34245578333560495
0.3,0.1,47.419190066001484,0.3352285374271459
0.3,0.1,48.21947258308911,0.327956479320127
0.3,0.1,49.033261279979975,0.32099473557696667
0.3,0.1,49.8607840972938,0.3143258820337743
0.3,0.1,50.70227282255049,0.307933394538143
0.3,0.1,51.55796315509344,0.3018015307203516
0.3,0.1,52.42809477210838,0.29523777065446255
0.3,0.1,53.312911395756565,0.28885108912240015
0.3,0.1,54.212660861440824,0.2827336384935099
0.3,0.1,55.12759518722379,0.27679294893159434
0.3,0.1,56.05797064441765,0.27108649432376514
0.3,0.1,57.00404782936526,0.26555242117276134
0.3,0.1,57.96609173643265,0.25955661946348363
0.3,0.1,58.944371832233415,0.2538274635237962
0.3,0.1,59.93916213110589,0.24834926019736975
0.3,0.1,60.950741271863855,0.24310747389857618
0.3,0.1,61.97939259584283,0.23808830927687402
0.3,0.1,63.025404226263404,0.23305014476243216
0.3,0.1,64.08906914893406,0.22772669743953292
0.3,0.1,65.17068529431577,0.22262944843084362
0.3,0.1,66.27055562097186,0.21774573623098725
0.3,0.1,67.38898820042604,0.2130637800720576
0.3,0.1,68.52629630345271,0.20857260835339894
0.3,0.1,69.68279848782338,0.2039612616945708
0.3,0.1,70.85881868753421,0.19928217919419086
0.3,0.1,72.05468630353916,0.19481039161217886
0.3,0.1,73.27073629601465,0.19048056549684078
0.3,0.1,74.5073092781812,0.18632380773030321
0.3,0.1,75.76475161170852,0.1823308592939464
0.3,0.1,77.04341550373073,0.17811375598741055
0.3,0.1,78.34365910549901,0.17395398325041844
0.3,0.1,79.66584661269887,0.16997837787339456
0.3,0.1,81.01034836746076,0.16617626537304037
0.3,0.1,82.37754096209213,0.16253708059810948
0.3,0.1,83.76780734456032,0.15900913966642127
0.3,0.1,85.18153692575534,0.155176160564693
0.3,0.1,86.61912568856323,0.15149677343983964
0.3,0.1,88.08097629878006,0.14797588424374467
0.3,0.1,89.56749821789782,0.14460448921816274
0.3,0.1,91.07910781779381,0.14137421558578017
0.3,0.1,92.61622849735552,0.13820006390903522
0.3,0.1,94.17929080107395,0.13485385124917365
0.3,0.1,95.76873253963811,0.1316183883016167
0.3,0.1,97.38499891256511,0.128511683637376
0.3,0.1,99.02854263289956,0.12553393166704366
0.3,0.1,100.69982405401764,0.12267823017078161
0.3,0.1,102.39931129857108,0.11979398988271688
0.3,0.1,104.1274803896079,0.1168432274062933
0.3,0.1,105.88481538390441,0.11402673727842152
0.3,0.1,107.67180850755013,0.11133571470809542
0.3,0.1,109.48896029381763,0.10871311546049256
0.3,0.1,111.3367797233627,0.10619620263645885
0.3,0.1,113.215784366787,0.1035901771411533
0.3,0.1,115.12650052961035,0.10099771869181526
0.3,0.1,117.06946339968653,0.09852081151568386
0.3,0.1,119.04521719710894,0.09615266260121506
0.3,0.1,121.05431532664555,0.093886918052749
0.3,0.1,123.09732053274638,0.09170421927479329
0.3,0.1,125.1748050571672,0.08936150149876654
0.3,0.1,127.28735079925328,0.0870908324785848
0.3,0.1,129.43554947892824,0.08491956664810753
0.3,0.1,131.62000280243362,0.08284192917765916
0.3,0.1,133.84132263086607,0.08085272036124898
0.3,0.1,136.10013115155726,0.07892626425016727
0.3,0.1,138.3970610523491,0.07689647663739957
0.3,0.1,140.7327556988063,0.07491989769535748
0.3,0.1,143.10786931442402,0.07302096651732394
0.3,0.1,145.5230671638723,0.07120284256813146
0.3,0.1,147.97902573933771,0.06946103849226593
0.3,0.1,150.47643295000518,0.06773374227451141
0.3,0.1,153.01598831474215,0.06596503181356707
0.3,0.1,155.5984031580309,0.06427668176287704
0.3,0.1,158.22440080920973,0.06264107868815977
0.3,0.1,160.89471680507614,0.0610538884613614
0.3,0.1,163.61009909590916,0.05953251151808842
0.3,0.1,166.3713082549687,0.057992565492524496
0.3,0.1,169.17911769153073,0.05645567237633845
0.3,0.1,172.03431386751757,0.054987409052649386
0.3,0.1,174.9376965177843,0.053583736383344245
0.3,0.1,177.8900788741238,0.052229096179417386
0.3,0.1,180.89228789304923,0.05090346299253419
0.3,0.1,183.94516448742593,0.04953800056372551
0.3,0.1,187.04956376200633,0.04820599069679801
0.3,0.1,190.20635525294608,0.04693247573369733
0.3,0.1,193.41642317135654,0.045714083809254125
0.3,0.1,196.6806666509734,0.04454775681227854
0.3,0.1,200.0,0.043423548969552944
0.3,0.3,10.0,1.7342043477436018
0.3,0.3,10.168767647860228,1.7039260139662584
0.3,0.3,10.340383547616884,1.6753779180784434
0.3,0.3,10.514895768547275,1.6484236198084996
0.3,0.3,10.692353191182594,1.6229345273518507
0.3,0.3,10.872805520999258,1.5988008302943086
0.3,0.3,11.056303302341332,1.5752065224955434
0.3,0.3,11.242897932577874,1.5505716097517954
0.3,0.3,11.432641676499253,1.5253519475736277
0.3,0.3,11.625587680956412,1.4977267374541943
0.3,0.3,11.821789989747199,1.4715271998555308
0.3,0.3,12.021303558753923,1.446646064992052
0.3,0.3,12.22418427133639,1.4215207863155048
0.3,0.3,12.43048895398473,1.3960288624282786
0.3,0.3,12.640275392236385,1.3719440050746865
0.3,0.3,12.853602346861711,1.3491617784844707
0.3,0.3,13.070529570322767,1.3275789235504947
0.3,0.3,13.29111782350986,1.3071108620204206
0.3,0.3,13.515428892760552,1.2858742275327515
0.3,0.3,13.74352560716589,1.2634887639377954
0.3,0.3,13.975471856168708,1.2398933708708153
0.3,0.3,14.21133260745895,1.2174776238406755
0.3,0.3,14.451173925170965,1.1961560885585965
0.3,0.3,14.695062988387981,1.1758577007723716
0.3,0.3,14.943068109958794,1.1541197876096552
0.3,0.3,15.195258755632087,1.1332975033845307
0.3,0.3,15.451705563513645,1.1135787226040768
0.3,0.3,15.712480363851945,1.0948781064004542
0.3,0.3,15.977656199157677,1.0771267721971252
0.3,0.3,16.247307344662794,1.0599574087854027
0.3,0.3,16.521509329124886,1.039760790958323
0.3,0.3,16.80033895598261,1.0199434263787734
0.3,0.3,17.083874324868184,1.0010785097340325
0.3,0.3,17.37219485348296,0.9831085379557651
0.3,0.3,17.66538129984215,0.9659734577099609
0.3,0.3,17.96351578489499,0.9488202871410034
0.3,0.3,18.26668181552667,0.9311152391578925
0.3,0.3,18.574964307948434,0.9143224290041493
0.3,0.3,18.88844961148245,0.8983801948684558
0.3,0.3,19.207225532748076,0.8832289747951275
0.3,0.3,19.531381360256354,0.8681623998909053
0.3,0.3,19.861007889419515,0.8517138281176374
0.3,0.3,20.19619744798259,0.8351696031921754
0.3,0.3,20.537043921884266,0.8193996347920615
0.3,0.3,20.883642781554126,0.8043567472433991
0.3,0.3,21.236091108653728,0.7899928267752079
0.3,0.3,21.59448762326903,0.7762673103253148
0.3,0.3,21.958932711561623,0.7616994700946113
0.3,0.3,22.32952845388675,0.7475177827259611
0.3,0.3,22.7063786533858,0.7340409712927188
0.3,0.3,23.089588865061362,0.7209053517790512
0.3,0.3,23.479266425342974,0.7077278537036978
0.3,0.3,23.875520482151853,0.6950274885091304
0.3,0.3,24.278462025473,0.6812385042630299
0.3,0.3,24.688203918443293,0.6680787945191936
0.3,0.3,25.104860928964218,0.6555131909315286
0.3,0.3,25.52854976184816,0.6435065497842302
0.3,0.3,25.959389091507152,0.6320218811969508
0.3,0.3,26.397499595193363,0.620644958572478
0.3,0.3,26.843003986800575,0.6087231359587315
0.3,0.3,27.29602705123608,0.5971749366207346
0.3,0.3,27.756695679372694,0.5857740235205765
0.3,0.3,28.225138903590686,0.5748346486649376
0.3,0.3,28.701487933919406,0.5643290707914768
0.3,0.3,29.18587619478904,0.5535701572441587
0.3,0.3,29.678439362402475,0.5425903223212362
0.3,0.3,30.179315402737984,0.5321019409948767
0.3,0.3,30.688644610193187,0.5220732913069643
0.3,0.3,31.206569646881267,0.5124789342088503
0.3,0.3,31.73323558259032,0.5032941250131243
0.3,0.3,32.268789935417146,0.4934853505234551
0.3,0.3,32.81338271308677,0.48359497193636347
0.3,0.3,33.36716645496928,0.4741088332682998
0.3,0.3,33.93029627480585,0.4650054319227133
0.3,0.3,34.50292990415581,0.45626267243803825
0.3,0.3,35.08522773657688,0.4478620955232424
0.3,0.3,35.67735287255113,0.43876827424095916
0.3,0.3,36.2794711651691,0.4300126377332213
0.3,0.3,36.891751266584954,0.42164320844446707
0.3,0.3,37.51436467525557,0.4136387106823765
0.3,0.3,38.14748578397694,0.4058072423677611
0.3,0.3,38.79129192873127,0.39809391801496774
0.3,0.3,39.44596343835841,0.3898418811414682
0.3,0.3,40.11168368506564,0.38193199984957327
0.3,0.3,40.78863913578985,0.37434579018651604
0.3,0.3,41.47701940442654,0.36706597511856387
0.3,0.3,42.17701730494035,0.3600762277542356
0.3,0.3,42.888828905371845,0.3530078696106816
0.3,0.3,43.61265358275578,0.345704644333526
0.3,0.3,44.348694078966226,0.33867732912445997
0.3,0.3,45.09715655750422,0.33189210337103797
0.3,0.3,45.858250661243666,0.3253631149569721
0.3,0.3,46.632189571151955,0.31907621712668155
0.3,0.3,47.419190066001484,0.3125194295700019
0.3,0.3,48.21947258308911,0.30592547153564353
0.3,0.3,49.033261279979975,0.2996094963298337
0.3,0.3,49.8607840972938,0.29355612224974126
0.3,0.3,50.70227282255049,0.28775104498122406
0.3,0.3,51.55796315509344,0.28216401854114886
0.3,0.3,52.42809477210838,0.27614790072724255
0.3,0.3,53.312911395756565,0.27025670999040413
0.3,0.3,54.212660861440824,0.26460035672641885
0.3,0.3,55.12759518722379,0.25916660921095935
0.3,0.3,56.05797064441765,0.25394403406211336
0.3,0.3,57.00404782936526,0.2488780142861012
0.3,0.3,57.96609173643265,0.2434018513197154
0.3,0.3,58.944371832233415,0.23816632158230036
0.3,0.3,59.93916213110589,0.2331428552299109
0.3,0.3,60.950741271863855,0.22830097298660162
0.3,0.3,61.97939259584283,0.22363918216480355
0.3,0.3,63.025404226263404,0.21897403073354849
0.3,0.3,64.08906914893406,0.21407958289729617
0.3,0.3,65.17068529431577,0.20939092029368897
0.3,0.3,66.27055562097186,0.20489665801501153
0.3,0.3,67.38898820042604,0.20058619666487693
0.3,0.3,68.52629630345271,0.19644927145013105
0.3,0.3,69.68279848782338,0.19218604473067563
0.3,0.3,70.85881868753421,0.18783676654680198
0.3,0.3,72.05468630353916,0.18366401150474915
0.3,0.3,73.27073629601465,0.1796583979872806
0.3,0.3,74.5073092781812,0.175811161138789
0.3,0.3,75.76475161170852,0.17211390884849398
0.3,0.3,77.04341550373073,0.16821475286968843
0.3,0.3,78.34365910549901,0.16436892358143312
0.3,0.3,79.66584661269887,0.16068182727479915
0.3,0.3,81.01034836746076,0.1571267694100423
0.3,0.3,82.37754096209213,0.15370864395993658
0.3,0.3,83.76780734456032,0.15042050526987163
0.3,0.3,85.18153692575534,0.14686249934316029
0.3,0.3,86.61912568856323,0.14344523203314727
0.3,0.3,88.08097629878006,0.1401737023857239
0.3,0.3,89.56749821789782,0.1370397170648692
0.3,0.3,91.07910781779381,0.13403209107725572
0.3,0.3,92.61622849735552,0.131046136929593
0.3,0.3,94.17929080107395,0.1278887237926725
0.3,0.3,95.76873253963811,0.12486483528049507
0.3,0.3,97.38499891256511,0.12196706651343518
0.3,0.3,99.02854263289956,0.1191885165889129
0.3,0.3,100.69982405401764,0.11652274854156887
0.3,0.3,102.39931129857108,0.11383156109287207
0.3,0.3,104.1274803896079,0.111076002007803
0.3,0.3,105.88481538390441,0.10840798099015647
0.3,0.3,107.67180850755013,0.10584932731824519
0.3,0.3,109.48896029381763,0.10339419045736524
0.3,0.3,111.3367797233627,0.10103710224612673
0.3,0.3,113.215784366787,0.09859836828525428
0.3,0.3,115.12650052961035,0.09617261578256281
0.3,0.3,117.06946339968653,0.093853867481678
0.3,0.3,119.04521719710894,0.09162359002521192
0.3,0.3,121.05431532664555,0.08945947400723718
0.3,0.3,123.09732053274638,0.0873806975956781
0.3,0.3,125.1748050571672,0.0851827046882105
0.3,0.3,127.28735079925328,0.08305174447093405
0.3,0.3,129.43554947892824,0.08101312431395105
0.3,0.3,131.62000280243362,0.07906170321616982
0.3,0.3,133.84132263086607,0.07719258495223931
0.3,0.3,136.10013115155726,0.0753565271564603
0.3,0.3,138.3970610523491,0.0734048437197255
0.3,0.3,140.7327556988063,0.07153766887947345
0.3,0.3,143.10786931442402,0.06975032288551133
0.3,0.3,145.5230671638723,0.0680383548554272
0.3,0.3,147.97902573933771,0.06639760936373768
0.3,0.3,150.47643295000518,0.06477052072982166
0.3,0.3,153.01598831474215,0.0630955122745094
0.3,0.3,155.5984031580309,0.061464088409613316
0.3,0.3,158.22440080920973,0.059901224177618125
0.3,0.3,160.89471680507614,0.05840343039620449
0.3,0.3,163.61009909590916,0.05696720889342642
0.3,0.3,166.3713082549687,0.05551371406198273
0.3,0.3,169.17911769153073,0.05406310067730796
0.3,0.3,172.03431386751757,0.05267676098269563
0.3,0.3,174.9376965177843,0.051314799793044846
0.3,0.3,177.8900788741238,0.05000783480484476
0.3,0.3,180.89228789304923,0.0487540196641179
0.3,0.3,183.94516448742593,0.047462904780341576
0.3,0.3,187.04956376200633,0.046203130027914006
0.3,0.3,190.20635525294608,0.044998215900526106
0.3,0.3,193.41642317135654,0.043845282770546785
0.3,0.3,196.6806666509734,0.04271354342706267
0.3,0.3,200.0,0.041621851116810195
0.3,1.0,10.0,1.1450164352165588
0.3,1.0,10.168767647860228,1.1273877999959683
0.3,1.0,10.340383547616884,1.1104379874265387
0.3,1.0,10.514895768547275,1.0941381878912957
0.3,1.0,10.692353191182594,1.0784538920384208
0.3,1.0,10.872805520999258,1.0633501577460969
0.3,1.0,11.056303302341332,1.048078547180621
0.3,1.0,11.242897932577874,1.0316059928709354
0.3,1.0,11.432641676499253,1.0157068010967634
0.3,1.0,11.625587680956412,1.0003453081103426
0.3,1.0,11.821789989747199,0.9854975722945625
0.3,1.0,12.021303558753923,0.9711484727306221
0.3,1.0,12.22418427133639,0.9565288355545547
0.3,1.0,12.43048895398473,0.9415662076827787
0.3,1.0,12.640275392236385,0.9271542506488369
0.3,1.0,12.853602346861711,0.9132570647772718
0.3,1.0,13.070529570322767,0.899860348532071
0.3,1.0,13.29111782350986,0.8869396069232246
0.3,1.0,13.515428892760552,0.873436961801933
0.3,1.0,13.74352560716589,0.8596967308167246
0.3,1.0,13.975471856168708,0.846408327142973
0.3,1.0,14.21133260745895,0.8335398477561944
0.3,1.0,14.451173925170965,0.8210848705988579
0.3,1.0,14.695062988387981,0.8090185895355112
0.3,1.0,14.943068109958794,0.7960668987766136
0.3,1.0,15.195258755632087,0.7834434881107356
0.3,1.0,15.451705563513645,0.7712541799040555
0.3,1.0,15.712480363851945,0.7594861848257662
0.3,1.0,15.977656199157677,0.7481199795669669
0.3,1.0,16.247307344662794,0.736968397417511
0.3,1.0,16.521509329124886,0.7250917697569591
0.3,1.0,16.80033895598261,0.7136168594255863
0.3,1.0,17.083874324868184,0.7024990671800152
0.3,1.0,17.37219485348296,0.6917223131128017
0.3,1.0,17.66538129984215,0.6812750557945764
0.3,1.0,17.96351578489499,0.6707059312127163
0.3,1.0,18.26668181552667,0.6596987381058028
0.3,1.0,18.574964307948434,0.6490663098654079
0.3,1.0,18.88844961148245,0.638791353980365
0.3,1.0,19.207225532748076,0.6288567229477563
0.3,1.0,19.531381360256354,0.6192505139045741
0.3,1.0,19.861007889419515,0.6092960170790702
0.3,1.0,20.19619744798259,0.5992687563978398
0.3,1.0,20.537043921884266,0.5896676718554715
0.3,1.0,20.883642781554126,0.5803531769845495
0.3,1.0,21.236091108653728,0.5713166503957582
0.3,1.0,21.59448762326903,0.5625465513048271
0.3,1.0,21.958932711561623,0.5531930691781681
0.3,1.0,22.32952845388675,0.5439517424921059
0.3,1.0,22.7063786533858,0.5350125466375635
0.3,1.0,23.089588865061362,0.526367277205804
0.3,1.0,23.479266425342974,0.5179976546648871
0.3,1.0,23.875520482151853,0.5098658764609894
0.3,1.0,24.278462025473,0.5010702987628072
0.3,1.0,24.688203918443293,0.4927175285461929
0.3,1.0,25.104860928964218,0.4846656939102803
0.3,1.0,25.52854976184816,0.47685392882950317
0.3,1.0,25.959389091507152,0.4692689587680296
0.3,1.0,26.397499595193363,0.46167144174810104
0.3,1.0,26.843003986800575,0.45365359898991975
0.3,1.0,27.29602705123608,0.44590029934789926
0.3,1.0,27.756695679372694,0.43839752292971657
0.3,1.0,28.225138903590686,0.4311379572756249
0.3,1.0,28.701487933919406,0.42410796954883306
0.3,1.0,29.18587619478904,0.41689780567845897
0.3,1.0,29.678439362402475,0.4096196336702839
0.3,1.0,30.179315402737984,0.40265753816658395
0.3,1.0,30.688644610193187,0.3959005419401354
0.3,1.0,31.206569646881267,0.38934591765956794
0.3,1.0,31.73323558259032,0.38298072984651427
0.3,1.0,32.268789935417146,0.376262886408478
0.3,1.0,32.81338271308677,0.369545541259043
0.3,1.0,33.36716645496928,0.36305083599856675
0.3,1.0,33.93029627480585,0.3567679495474091
0.3,1.0,34.50292990415581,0.3506875358191501
0.3,1.0,35.08522773657688,0.34480227521059487
0.3,1.0,35.67735287255113,0.33856800379096563
0.3,1.0,36.2794711651691,0.33254058327457836
0.3,1.0,36.891751266584954,0.3266966988240122
0.3,1.0,37.51436467525557,0.3210311593491332
0.3,1.0,38.14748578397694,0.31553600208985944
0.3,1.0,38.79129192873127,0.31009760613162723
0.3,1.0,39.44596343835841,0.30428958720287613
0.3,1.0,40.11168368506564,0.29867733759380827
0.3,1.0,40.78863913578985,0.29325456313006293
0.3,1.0,41.47701940442654,0.2880127293243993
0.3,1.0,42.17701730494035,0.28297927045247423
0.3,1.0,42.888828905371845,0.2779644642373023
0.3,1.0,43.61265358275578,0.2727461383211006
0.3,1.0,44.348694078966226,0.26769505121635506
0.3,1.0,45.09715655750422,0.2628049957821157
0.3,1.0,45.858250661243666,0.25806794150423135
0.3,1.0,46.632189571151955,0.2534785823635832
0.3,1.0,47.419190066001484,0.2486914732846172
0.3,1.0,48.21947258308911,0.2438585135075058
0.3,1.0,49.033261279979975,0.2391956677908289
0.3,1.0,49.8607840972938,0.2347196883752995
0.3,1.0,50.70227282255049,0.23046830440575536
0.3,1.0,51.55796315509344,0.2263433263523492
0.3,1.0,52.42809477210838,0.2219217601260669
0.3,1.0,53.312911395756565,0.21756992236490552
0.3,1.0,54.212660861440824,0.21336376433620813
0.3,1.0,55.12759518722379,0.20929790062665402
0.3,1.0,56.05797064441765,0.20536636798051006
0.3,1.0,57.00404782936526,0.20153204524107235
0.3,1.0,57.96609173643265,0.19739539501453443
0.3,1.0,58.944371832233415,0.19345148817682756
0.3,1.0,59.93916213110589,0.18967697092887775
0.3,1.0,60.950741271863855,0.18602414713481483
0.3,1.0,61.97939259584283,0.18248731170192925
0.3,1.0,63.025404226263404,0.17893828059523564
0.3,1.0,64.08906914893406,0.17521431458352338
0.3,1.0,65.17068529431577,0.17162450845764152
0.3,1.0,66.27055562097186,0.16816262333585744
0.3,1.0,67.38898820042604,0.16482222687620968
0.3,1.0,68.52629630345271,0.16160483487580538
0.3,1.0,69.68279848782338,0.15833488170511553
0.3,1.0,70.85881868753421,0.15499655967961976
0.3,1.0,72.05468630353916,0.1517754657706159
0.3,1.0,73.27073629601465,0.1486663141635585
0.3,1.0,74.5073092781812,0.14566378505707062
0.3,1.0,75.76475161170852,0.1427634319635255
0.3,1.0,77.04341550373073,0.13970608400029663
0.3,1.0,78.34365910549901,0.13667824755090252
0.3,1.0,79.66584661269887,0.13377165284711776
0.3,1.0,81.01034836746076,0.13098722026312357
0.3,1.0,82.37754096209213,0.12829736986941648
0.3,1.0,83.76780734456032,0.1256975733657958
0.3,1.0,85.18153692575534,0.12288981922757991
0.3,1.0,86.61912568856323,0.12017882597277926
0.3,1.0,88.08097629878006,0.11756951253559343
0.3,1.0,89.56749821789782,0.1150569178534054
0.3,1.0,91.07910781779381,0.11263641436592331
0.3,1.0,92.61622849735552,0.1102524379900017
0.3,1.0,94.17929080107395,0.10773885691756886
0.3,1.0,95.76873253963811,0.1053192930457105
0.3,1.0,97.38499891256511,0.10298921733432068
0.3,1.0,99.02854263289956,0.1007443665519094
0.3,1.0,100.69982405401764,0.09858072517919866
0.3,1.0,102.39931129857108,0.096392478361814
0.3,1.0,104.1274803896079,0.09415185970368872
0.3,1.0,105.88481538390441,0.0920002094020252
0.3,1.0,107.67180850755013,0.08992520364204316
0.3,1.0,109.48896029381763,0.08792517548768543
0.3,1.0,111.3367797233627,0.08599684625132546
0.3,1.0,113.215784366787,0.08400071278959145
0.3,1.0,115.12650052961035,0.08200970828549398
0.3,1.0,117.06946339968653,0.08009786411785129
0.3,1.0,119.04521719710894,0.07826109682283718
0.3,1.0,121.05431532664555,0.0764950501776349
0.3,1.0,123.09732053274638,0.0747803982270999
0.3,1.0,125.1748050571672,0.07296833981690393
0.3,1.0,127.28735079925328,0.0712050010427276
0.3,1.0,129.43554947892824,0.06951102512542691
0.3,1.0,131.62000280243362,0.06788287862829012
0.3,1.0,133.84132263086607,0.0663172614318859
0.3,1.0,136.10013115155726,0.06479562465258584
0.3,1.0,138.3970610523491,0.0631898961878785
0.3,1.0,140.7327556988063,0.06163250743524598
0.3,1.0,143.10786931442402,0.060135709843781006
0.3,1.0,145.5230671638723,0.058696630821397394
0.3,1.0,147.97902573933771,0.057312403443605386
0.3,1.0,150.47643295000518,0.055936776553769274
0.3,1.0,153.01598831474215,0.054527280120516324
0.3,1.0,155.5984031580309,0.05317635785180393
0.3,1.0,158.22440080920973,0.051866980042481824
0.3,1.0,160.89471680507614,0.05059880458203326
0.3,1.0,163.61009909590916,0.04937871577130676
0.3,1.0,166.3713082549687,0.04814235889530589
0.3,1.0,169.17911769153073,0.046906210883256895
0.3,1.0,172.03431386751757,0.04572081328212157
0.3,1.0,174.9376965177843,0.04458351179966553
0.3,1.0,177.8900788741238,0.04348860371106132
0.3,1.0,180.89228789304923,0.04241639273865535
0.3,1.0,183.94516448742593,0.04131155905382122
0.3,1.0,187.04956376200633,0.04023094779931314
0.3,1.0,190.20635525294608,0.03919427213196041
0.3,1.0,193.41642317135654,0.03819924367090858
0.3,1.0,196.6806666509734,0.037243736210130954
0.3,1.0,200.0,0.036325739768788626
1.0,0.1,10.0,4.745090674898219
1.0,0.1,10.168767647860228,4.728611964353988
1.0,0.1,10.340383547616884,4.696576814365862
1.0,0.1,10.514895768547275,4.662447700369484
1.0,0.1,10.692353191182594,4.629468540124633
1.0,0.1,10.872805520999258,4.597628129535919
1.0,0.1,11.056303302341332,4.566548485067102
1.0,0.1,11.242897932577874,4.535466270855733
1.0,0.1,11.432641676499253,4.505175453648686
1.0,0.1,11.625587680956412,4.475678341081603
1.0,0.1,11.821789989747199,4.446957644819216
1.0,0.1,12.021303558753923,4.4189557276326505
1.0,0.1,12.22418427133639,4.391111589141369
1.0,0.1,12.43048895398473,4.363095511712358
1.0,0.1,12.640275392236385,4.335622879458686
1.0,0.1,12.853602346861711,4.308651827860935
1.0,0.1,13.070529570322767,4.282191363344109
1.0,0.1,13.29111782350986,4.256232874937562
1.0,0.1,13.515428892760552,4.229860547069922
1.0,0.1,13.74352560716589,4.20342252529279
1.0,0.1,13.975471856168708,4.177291486883639
1.0,0.1,14.21133260745895,4.151507133761795
1.0,0.1,14.451173925170965,4.126030656369586
1.0,0.1,14.695062988387981,4.100894787483727
1.0,0.1,14.943068109958794,4.0748541170351995
1.0,0.1,15.195258755632087,4.048878718236368
1.0,0.1,15.451705563513645,4.023094569444531
1.0,0.1,15.712480363851945,3.997497598991571
1.0,0.1,15.977656199157677,3.9721093060413954
1.0,0.1,16.247307344662794,3.946765966418675
1.0,0.1,16.521509329124886,3.9205802873199254
1.0,0.1,16.80033895598261,3.881637898358046
1.0,0.1,17.083874324868184,3.842736188832244
1.0,0.1,17.37219485348296,3.8050534868083314
1.0,0.1,17.66538129984215,3.7685776085993896
1.0,0.1,17.96351578489499,3.7326422258515466
1.0,0.1,18.26668181552667,3.6965640399114608
1.0,0.1,18.574964307948434,3.661355201668725
1.0,0.1,18.88844961148245,3.6269840861087714
1.0,0.1,19.207225532748076,3.5934275556044284
1.0,0.1,19.531381360256354,3.5606650145226615
1.0,0.1,19.861007889419515,3.527706597700291
1.0,0.1,20.19619744798259,3.494656450158593
1.0,0.1,20.537043921884266,3.4621662387360272
1.0,0.1,20.883642781554126,3.430221819134873
1.0,0.1,21.236091108653728,3.398817449591822
1.0,0.1,21.59448762326903,3.36794849670822
1.0,0.1,21.958932711561623,3.3363384227564055
1.0,0.1,22.32952845388675,3.304799504901807
1.0,0.1,22.7063786533858,3.27361976983218
1.0,0.1,23.089588865061362,3.2408018529910136
1.0,0.1,23.479266425342974,3.200606893003661
1.0,0.1,23.875520482151853,3.1618135570522146
1.0,0.1,24.278462025473,3.1225539055042617
1.0,0.1,24.688203918443293,3.084419986018746
1.0,0.1,25.104860928964218,3.047357798571428
1.0,0.1,25.52854976184816,3.011326555230831
1.0,0.1,25.959389091507152,2.976290498997561
1.0,0.1,26.397499595193363,2.9417804778614967
1.0,0.1,26.843003986800575,2.9068254334487715
1.0,0.1,27.29602705123608,2.8725883993556125
1.0,0.1,27.756695679372694,2.839053443286509
1.0,0.1,28.225138903590686,2.80620624659806
1.0,0.1,28.701487933919406,2.7740340224230398
1.0,0.1,29.18587619478904,2.7417573866463583
1.0,0.1,29.678439362402475,2.70919384244504
1.0,0.1,30.179315402737984,2.6733050125610496
1.0,0.1,30.688644610193187,2.635004724621237
1.0,0.1,31.206569646881267,2.598059132306248
1.0,0.1,31.73323558259032,2.5623982750324172
1.0,0.1,32.268789935417146,2.5267182157773815
1.0,0.1,32.81338271308677,2.4915465514831787
1.0,0.1,33.36716645496928,2.4573227961116526
1.0,0.1,33.93029627480585,2.4240099308657816
1.0,0.1,34.50292990415581,2.391579014009094
1.0,0.1,35.08522773657688,2.3600037527509143
1.0,0.1,35.67735287255113,2.327777020734865
1.0,0.1,36.2794711651691,2.2961094149143997
1.0,0.1,36.891751266584954,2.2650846104601206
1.0,0.1,37.51436467525557,2.234687255280649
1.0,0.1,38.14748578397694,2.2000411603976975
1.0,0.1,38.79129192873127,2.166209368307347
1.0,0.1,39.44596343835841,2.132204628398043
1.0,0.1,40.11168368506564,2.0992673997890696
1.0,0.1,40.78863913578985,2.067337612220792
1.0,0.1,41.47701940442654,2.0363812214272605
1.0,0.1,42.17701730494035,2.0063591343574583
1.0,0.1,42.888828905371845,1.976672534099637
1.0,0.1,43.61265358275578,1.9468688607669413
1.0,0.1,44.348694078966226,1.9177662710364158
1.0,0.1,45.09715655750422,1.8893423137624539
1.0,0.1,45.858250661243666,1.8615823499955566
1.0,0.1,46.632189571151955,1.83199124122367
1.0,0.1,47.419190066001484,1.801199377316551
1.0,0.1,48.21947258308911,1.7709098703740636
1.0,0.1,49.033261279979975,1.7416004003182657
1.0,0.1,49.8607840972938,1.713232420057627
1.0,0.1,50.70227282255049,1.6857591393907936
1.0,0.1,51.55796315509344,1.6591514821160347
1.0,0.1,52.42809477210838,1.6322829878047074
1.0,0.1,53.312911395756565,1.6059053031949468
1.0,0.1,54.212660861440824,1.5801903016290904
1.0,0.1,55.12759518722379,1.5551217747496036
1.0,0.1,56.05797064441765,1.5300876335321845
1.0,0.1,57.00404782936526,1.5033387309069006
1.0,0.1,57.96609173643265,1.4764215661381852
1.0,0.1,58.944371832233415,1.4503922065501123
1.0,0.1,59.93916213110589,1.4252033775892914
1.0,0.1,60.950741271863855,1.400824815457674
1.0,0.1,61.97939259584283,1.377216863750034
1.0,0.1,63.025404226263404,1.354049058244731
1.0,0.1,64.08906914893406,1.3307845313858901
1.0,0.1,65.17068529431577,1.3081104653081566
1.0,0.1,66.27055562097186,1.2860078006470856
1.0,0.1,67.38898820042604,1.2635075966173508
1.0,0.1,68.52629630345271,1.2403480957158806
1.0,0.1,69.68279848782338,1.2175573023225612
1.0,0.1,70.85881868753421,1.1950541480407373
1.0,0.1,72.05468630353916,1.1732552750787064
1.0,0.1,73.27073629601465,1.152129653627919
1.0,0.1,74.5073092781812,1.1316535357044442
1.0,0.1,75.76475161170852,1.111799250198016
1.0,0.1,77.04341550373073,1.0919123001395794
1.0,0.1,78.34365910549901,1.0723227058884237
1.0,0.1,79.66584661269887,1.052999589063337
1.0,0.1,81.01034836746076,1.0325600732496565
1.0,0.1,82.37754096209213,1.0128624964846016
1.0,0.1,83.76780734456032,0.993869314164762
1.0,0.1,85.18153692575534,0.9747883997640118
1.0,0.1,86.61912568856323,0.9562576783711014
1.0,0.1,88.08097629878006,0.9382766905576608
1.0,0.1,89.56749821789782,0.9208248227944213
1.0,0.1,91.07910781779381,0.9038841893816868
1.0,0.1,92.61622849735552,0.8873155491714599
1.0,0.1,94.17929080107395,0.8702708609432411
1.0,0.1,95.76873253963811,0.852608166639781
1.0,0.1,97.38499891256511,0.8355487516382507
1.0,0.1,99.02854263289956,0.8190640068387587
1.0,0.1,100.69982405401764,0.8031285810979341
1.0,0.1,102.39931129857108,0.7874842595087043
1.0,0.1,104.1274803896079,0.7719809890682949
1.0,0.1,105.88481538390441,0.7569107249867355
1.0,0.1,107.67180850755013,0.74225842601571
1.0,0.1,109.48896029381763,0.7280101578788323
1.0,0.1,111.3367797233627,0.7131929070327256
1.0,0.1,113.215784366787,0.6983821569716504
1.0,0.1,115.12650052961035,0.6838800327520306
1.0,0.1,117.06946339968653,0.6698326317114162
1.0,0.1,119.04521719710894,0.6562216103944883
1.0,0.1,121.05431532664555,0.6430298839157428
1.0,0.1,123.09732053274638,0.6302416018255129
1.0,0.1,125.1748050571672,0.6174990141994225
1.0,0.1,127.28735079925328,0.6050426173891114
1.0,0.1,129.43554947892824,0.592229159277883
1.0,0.1,131.62000280243362,0.5795674213216274
1.0,0.1,133.84132263086607,0.5673324658663094
1.0,0.1,136.10013115155726,0.5554738333593672
1.0,0.1,138.3970610523491,0.5436866862031736
1.0,0.1,140.7327556988063,0.5322396990472223
1.0,0.1,143.10786931442402,0.5211209116562693
1.0,0.1,145.5230671638723,0.5103189895661274
1.0,0.1,147.97902573933771,0.49982370583126673
1.0,0.1,150.47643295000518,0.48888380389017083
1.0,0.1,153.01598831474215,0.47805195722563754
1.0,0.1,155.5984031580309,0.4675576870824773
1.0,0.1,158.22440080920973,0.45738772814373474
1.0,0.1,160.89471680507614,0.44752962963510495
1.0,0.1,163.61009909590916,0.4379716888069202
1.0,0.1,166.3713082549687,0.4285888950738517
1.0,0.1,169.17911769153073,0.41936839110777313
1.0,0.1,172.03431386751757,0.41017731864259416
1.0,0.1,174.9376965177843,0.40088159283754093
1.0,0.1,177.8900788741238,0.391888840422062
1.0,0.1,180.89228789304923,0.38318672861444164
1.0,0.1,183.94516448742593,0.3746455429089204
1.0,0.1,187.04956376200633,0.36631634779112204
1.0,0.1,190.20635525294608,0.35822240038766867
1.0,0.1,193.41642317135654,0.3503558591115588
1.0,0.1,196.6806666509734,0.34270110226345507
1.0,0.1,200.0,0.334814119668913
1.0,0.3,10.0,4.066829818814242
1.0,0.3,10.168767647860228,4.043821483757895
1.0,0.3,10.340383547616884,4.02153233632474
1.0,0.3,10.514895768547275,3.9999151394162893
1.0,0.3,10.692353191182594,3.978964862353511
1.0,0.3,10.872805520999258,3.9586453466668305
1.0,0.3,11.056303302341332,3.938304577844584
1.0,0.3,11.242897932577874,3.9142065898945373
1.0,0.3,11.432641676499253,3.868778045804787
1.0,0.3,11.625587680956412,3.8261626533817124
1.0,0.3,11.821789989747199,3.786125093001035
1.0,0.3,12.021303558753923,3.7484388760503013
1.0,0.3,12.22418427133639,3.71078367481494
1.0,0.3,12.43048895398473,3.6727148653347705
1.0,0.3,12.640275392236385,3.636701725610921
1.0,0.3,12.853602346861711,3.602585473755964
1.0,0.3,13.070529570322767,3.570225428373685
1.0,0.3,13.29111782350986,3.539520422834393
1.0,0.3,13.515428892760552,3.5076703877456694
1.0,0.3,13.74352560716589,3.476031467539921
1.0,0.3,13.975471856168708,3.445794062429913
1.0,0.3,14.21133260745895,3.4168800121767924
1.0,0.3,14.451173925170965,3.389226008071561
1.0,0.3,14.695062988387981,3.3627456201115717
1.0,0.3,14.943068109958794,3.3340853917153503
1.0,0.3,15.195258755632087,3.3061249844599367
1.0,0.3,15.451705563513645,3.2791706281991178
1.0,0.3,15.712480363851945,3.2531628065820186
1.0,0.3,15.977656199157677,3.213445578776687
1.0,0.3,16.247307344662794,3.1724020306052076
1.0,0.3,16.521509329124886,3.1292250774998633
1.0,0.3,16.80033895598261,3.088613963464886
1.0,0.3,17.083874324868184,3.0503885375824926
1.0,0.3,17.37219485348296,3.01434003194739
1.0,0.3,17.66538129984215,2.980292949687778
1.0,0.3,17.96351578489499,2.946540220372393
1.0,0.3,18.26668181552667,2.9117553695691787
1.0,0.3,18.574964307948434,2.878682911451365
1.0,0.3,18.88844961148245,2.8472084138428766
1.0,0.3,19.207225532748076,2.8172293062089344
1.0,0.3,19.531381360256354,2.788653530645642
1.0,0.3,19.861007889419515,2.7591476582733763
1.0,0.3,20.19619744798259,2.7292674745814587
1.0,0.3,20.537043921884266,2.7005761413310174
1.0,0.3,20.883642781554126,2.662564005044912
1.0,0.3,21.236091108653728,2.623455013605155
1.0,0.3,21.59448762326903,2.586831480998464
1.0,0.3,21.958932711561623,2.5485415255224466
1.0,0.3,22.32952845388675,2.511603455969774
1.0,0.3,22.7063786533858,2.476764250198134
1.0,0.3,23.089588865061362,2.4438595211292826
1.0,0.3,23.479266425342974,2.412745709867333
1.0,0.3,23.875520482151853,2.383167029124989
1.0,0.3,24.278462025473,2.3513099838784126
1.0,0.3,24.688203918443293,2.3209630441644227
1.0,0.3,25.104860928964218,2.292031361325137
1.0,0.3,25.52854976184816,2.2644294302584007
1.0,0.3,25.959389091507152,2.238075574013463
1.0,0.3,26.397499595193363,2.20350166597624
1.0,0.3,26.843003986800575,2.165758518316042
1.0,0.3,27.29602705123608,2.1303919448496917
1.0,0.3,27.756695679372694,2.09714985007675
1.0,0.3,28.225138903590686,2.065849173266638
1.0,0.3,28.701487933919406,2.036347894519366
1.0,0.3,29.18587619478904,2.006681686392119
1.0,0.3,29.678439362402475,1.9766816654216757
1.0,0.3,30.179315402737984,1.9482090281548388
1.0,0.3,30.688644610193187,1.9211590113949535
1.0,0.3,31.206569646881267,1.8954317913586096
1.0,0.3,31.73323558259032,1.8709451717414738
1.0,0.3,32.268789935417146,1.8431816229621927
1.0,0.3,32.81338271308677,1.8095862276026855
1.0,0.3,33.36716645496928,1.778085575185271
1.0,0.3,33.93029627480585,1.748492694580923
1.0,0.3,34.50292990415581,1.720646992101188
1.0,0.3,35.08522773657688,1.6944053006474364
1.0,0.3,35.67735287255113,1.6665229346759518
1.0,0.3,36.2794711651691,1.6399090013111175
1.0,0.3,36.891751266584954,1.6146598170433386
1.0,0.3,37.51436467525557,1.5906916686158306
1.0,0.3,38.14748578397694,1.5679133120896187
1.0,0.3,38.79129192873127,1.5457849715966836
1.0,0.3,39.44596343835841,1.5186043386925576
1.0,0.3,40.11168368506564,1.490151721057613
1.0,0.3,40.78863913578985,1.4634193338964292
1.0,0.3,41.47701940442654,1.4382577297747252
1.0,0.3,42.17701730494035,1.4145422774174938
1.0,0.3,42.888828905371845,1.3910507117161632
1.0,0.3,43.61265358275578,1.367101535141255
1.0,0.3,44.348694078966226,1.3443819200874738
1.0,0.3,45.09715655750422,1.3228049349505124
1.0,0.3,45.858250661243666,1.3022931062145082
1.0,0.3,46.632189571151955,1.282781929994833
1.0,0.3,47.419190066001484,1.2601663970391446
1.0,0.3,48.21947258308911,1.2353517183594116
1.0,0.3,49.033261279979975,1.2119908997521076
1.0,0.3,49.8607840972938,1.1899797071758276
1.0,0.3,50.70227282255049,1.169195248559176
1.0,0.3,51.55796315509344,1.1495479588235407
1.0,0.3,52.42809477210838,1.128989388970767
1.0,0.3,53.312911395756565,1.1090956793110167
1.0,0.3,54.212660861440824,1.0901724872721836
1.0,0.3,55.12759518722379,1.0721646516818213
1.0,0.3,56.05797064441765,1.0549236219585063
1.0,0.3,57.00404782936526,1.034822672046661
1.0,0.3,57.96609173643265,1.0137189327783416
1.0,0.3,58.944371832233415,0.9938041084814833
1.0,0.3,59.93916213110589,0.9749740268757482
1.0,0.3,60.950741271863855,0.9571562596258987
1.0,0.3,61.97939259584283,0.940270928395268
1.0,0.3,63.025404226263404,0.9237129551819455
1.0,0.3,64.08906914893406,0.9066633609866042
1.0,0.3,65.17068529431577,0.8904061563106698
1.0,0.3,66.27055562097186,0.8748689958807969
1.0,0.3,67.38898820042604,0.8571738465515096
1.0,0.3,68.52629630345271,0.8404768641525219
1.0,0.3,69.68279848782338,0.8237737132397909
1.0,0.3,70.85881868753421,0.8071074428421845
1.0,0.3,72.05468630353916,0.7912978397877257
1.0,0.3,73.27073629601465,0.776283784726748
1.0,0.3,74.5073092781812,0.762011015871757
1.0,0.3,75.76475161170852,0.7484355656354312
1.0,0.3,77.04341550373073,0.7344317301132407
1.0,0.3,78.34365910549901,0.7198160638327512
1.0,0.3,79.66584661269887,0.704432020642691
1.0,0.3,81.01034836746076,0.6898808361352714
1.0,0.3,82.37754096209213,0.6760999451057453
1.0,0.3,83.76780734456032,0.6630339021874078
1.0,0.3,85.18153692575534,0.6493438343529727
1.0,0.3,86.61912568856323,0.6362627792513006
1.0,0.3,88.08097629878006,0.6237932622130543
1.0,0.3,89.56749821789782,0.6118975331025291
1.0,0.3,91.07910781779381,0.6003792956996109
1.0,0.3,92.61622849735552,0.5875845569308078
1.0,0.3,94.17929080107395,0.5744710995053481
1.0,0.3,95.76873253963811,0.5620231592823834
1.0,0.3,97.38499891256511,0.5501945342781271
1.0,0.3,99.02854263289956,0.538944052357819
1.0,0.3,100.69982405401764,0.5282347237269746
1.0,0.3,102.39931129857108,0.5176208386582926
1.0,0.3,104.1274803896079,0.5069198475336743
1.0,0.3,105.88481538390441,0.4963761494332745
1.0,0.3,107.67180850755013,0.4852030634251414
1.0,0.3,109.48896029381763,0.4745989806592121
1.0,0.3,111.3367797233627,0.4645250582070182
1.0,0.3,113.215784366787,0.4543873198965603
1.0,0.3,115.12650052961035,0.44441808082613277
1.0,0.3,117.06946339968653,0.43489832277541496
1.0,0.3,119.04521719710894,0.42580139547146717
1.0,0.3,121.05431532664555,0.4171034242226474
1.0,0.3,123.09732053274638,0.4081712854787341
1.0,0.3,125.1748050571672,0.39856504491343037
1.0,0.3,127.28735079925328,0.3893206890801969
1.0,0.3,129.43554947892824,0.38050885949484575
1.0,0.3,131.62000280243362,0.37210239526532973
1.0,0.3,133.84132263086607,0.3640769247936534
1.0,0.3,136.10013115155726,0.35635267072437316
1.0,0.3,138.3970610523491,0.34843004667829663
1.0,0.3,140.7327556988063,0.34059570609543893
1.0,0.3,143.10786931442402,0.3324952065714951
1.0,0.3,145.5230671638723,0.3247777533009422
1.0,0.3,147.97902573933771,0.3174194388734821
1.0,0.3,150.47643295000518,0.310234581182694
1.0,0.3,153.01598831474215,0.3030246624358839
1.0,0.3,155.5984031580309,0.2961167565645647
1.0,0.3,158.22440080920973,0.2894945421941435
1.0,0.3,160.89471680507614,0.2830256431348276
1.0,0.3,163.61009909590916,0.2763235774413385
1.0,0.3,166.3713082549687,0.2696999095142462
1.0,0.3,169.17911769153073,0.263179938714656
1.0,0.3,172.03431386751757,0.2569396573466497
1.0,0.3,174.9376965177843,0.25096328222899944
1.0,0.3,177.8900788741238,0.24523646843448058
1.0,0.3,180.89228789304923,0.23974598535875802
1.0,0.3,183.94516448742593,0.23409394670170267
1.0,0.3,187.04956376200633,0.22823996416621423
1.0,0.3,190.20635525294608,0.22264034417131026
1.0,0.3,193.41642317135654,0.2172808414633573
1.0,0.3,196.6806666509734,0.21214810503833803
1.0,0.3,200.0,0.20722981720703684
1.0,1.0,10.0,2.480453630223676
1.0,1.0,10.168767647860228,2.4505656190472362
1.0,1.0,10.340383547616884,2.422259843841861
1.0,1.0,10.514895768547275,2.3954148606068153
1.0,1.0,10.692353191182594,2.3699213217603083
1.0,1.0,10.872805520999258,2.345680513390677
1.0,1.0,11.056303302341332,2.3217323523942106
1.0,1.0,11.242897932577874,2.2961747591754516
1.0,1.0,11.432641676499253,2.2720624708845922
1.0,1.0,11.625587680956412,2.2492768336796805
1.0,1.0,11.821789989747199,2.2256915764343903
1.0,1.0,12.021303558753923,2.1976317709970044
1.0,1.0,12.22418427133639,2.168760016072229
1.0,1.0,12.43048895398473,2.1389240939024154
1.0,1.0,12.640275392236385,2.1106161494241658
1.0,1.0,12.853602346861711,2.083723911300308
1.0,1.0,13.070529570322767,2.0581444766226804
1.0,1.0,13.29111782350986,2.033785209492785
1.0,1.0,13.515428892760552,2.0079028247961537
1.0,1.0,13.74352560716589,1.982202064108312
1.0,1.0,13.975471856168708,1.9579074870346196
1.0,1.0,14.21133260745895,1.9349082061028295
1.0,1.0,14.451173925170965,1.9131046801731912
1.0,1.0,14.695062988387981,1.892407312117131
1.0,1.0,14.943068109958794,1.8697439294385296
1.0,1.0,15.195258755632087,1.8470604685890069
1.0,1.0,15.451705563513645,1.8205225895283828
1.0,1.0,15.712480363851945,1.7952698847336077
1.0,1.0,15.977656199157677,1.7712175325102526
1.0,1.0,16.247307344662794,1.747774769540619
1.0,1.0,16.521509329124886,1.722194289662828
1.0,1.0,16.80033895598261,1.6980096206171917
1.0,1.0,17.083874324868184,1.675110789587534
1.0,1.0,17.37219485348296,1.6533998362838653
1.0,1.0,17.66538129984215,1.6327884826943462
1.0,1.0,17.96351578489499,1.6120039470099283
1.0,1.0,18.26668181552667,1.5902751096332453
1.0,1.0,18.574964307948434,1.5698001636991112
1.0,1.0,18.88844961148245,1.550475584656553
1.0,1.0,19.207225532748076,1.5314477839262857
1.0,1.0,19.531381360256354,1.5096896998960185
1.0,1.0,19.861007889419515,1.4868515171551422
1.0,1.0,20.19619744798259,1.4637601949453858
1.0,1.0,20.537043921884266,1.4418980378090076
1.0,1.0,20.883642781554126,1.4211735575326316
1.0,1.0,21.236091108653728,1.401500825552567
1.0,1.0,21.59448762326903,1.382803974873073
1.0,1.0,21.958932711561623,1.362556461739216
1.0,1.0,22.32952845388675,1.3428883798211222
1.0,1.0,22.7063786533858,1.324327187452877
1.0,1.0,23.089588865061362,1.306784353591483
1.0,1.0,23.479266425342974,1.2901805647104778
1.0,1.0,23.875520482151853,1.2743569683237543
1.0,1.0,24.278462025473,1.2532201106389294
1.0,1.0,24.688203918443293,1.232899232866485
1.0,1.0,25.104860928964218,1.2136437060557996
1.0,1.0,25.52854976184816,1.1953721831666166
1.0,1.0,25.959389091507152,1.1780142852884228
1.0,1.0,26.397499595193363,1.160773177567107
1.0,1.0,26.843003986800575,1.142422526056085
1.0,1.0,27.29602705123608,1.1251109207858818
1.0,1.0,27.756695679372694,1.1087551333256966
1.0,1.0,28.225138903590686,1.0932798437307814
1.0,1.0,28.701487933919406,1.0786183678070846
1.0,1.0,29.18587619478904,1.063558396597137
1.0,1.0,29.678439362402475,1.0466834042075472
1.0,1.0,30.179315402737984,1.0291183636255097
1.0,1.0,30.688644610193187,1.0124641312511453
1.0,1.0,31.206569646881267,0.9966527275148438
1.0,1.0,31.73323558259032,0.9816267610901724
1.0,1.0,32.268789935417146,0.9655978804725602
1.0,1.0,32.81338271308677,0.9497764833156661
1.0,1.0,33.36716645496928,0.9348363077515703
1.0,1.0,33.93029627480585,0.9207084502206383
1.0,1.0,34.50292990415581,0.9073320453288382
1.0,1.0,35.08522773657688,0.8946501476205801
1.0,1.0,35.67735287255113,0.8806973723023591
1.0,1.0,36.2794711651691,0.8659711374167395
1.0,1.0,36.891751266584954,0.8509993494748114
1.0,1.0,37.51436467525557,0.8368010703423576
1.0,1.0,38.14748578397694,0.823319195542441
1.0,1.0,38.79129192873127,0.8101532079111102
1.0,1.0,39.44596343835841,0.795918196904752
1.0,1.0,40.11168368506564,0.7824871080877431
1.0,1.0,40.78863913578985,0.7697950213712418
1.0,1.0,41.47701940442654,0.7577869986400616
1.0,1.0,42.17701730494035,0.7464103927758803
1.0,1.0,42.888828905371845,0.7349125509100481
1.0,1.0,43.61265358275578,0.7225258128491715
1.0,1.0,44.348694078966226,0.7092275111079648
1.0,1.0,45.09715655750422,0.6966320618994426
1.0,1.0,45.858250661243666,0.6846887423410107
1.0,1.0,46.632189571151955,0.673348723893554
1.0,1.0,47.419190066001484,0.6614635442830703
1.0,1.0,48.21947258308911,0.6495586974470926
1.0,1.0,49.033261279979975,0.6383187830482924
1.0,1.0,49.8607840972938,0.6276928223373176
1.0,1.0,50.70227282255049,0.6176341640434309
1.0,1.0,51.55796315509344,0.6081016292232237
1.0,1.0,52.42809477210838,0.597159233538391
1.0,1.0,53.312911395756565,0.5855022296274945
1.0,1.0,54.212660861440824,0.5744744236466302
1.0,1.0,55.12759518722379,0.5640301229856007
1.0,1.0,56.05797064441765,0.5541277197449095
1.0,1.0,57.00404782936526,0.5446276761553043
1.0,1.0,57.96609173643265,0.5342353783424196
1.0,1.0,58.944371832233415,0.5244295556007126
1.0,1.0,59.93916213110589,0.515164577623067
1.0,1.0,60.950741271863855,0.506401166106437
1.0,1.0,61.97939259584283,0.49800109165088646
1.0,1.0,63.025404226263404,0.4884504500014241
1.0,1.0,64.08906914893406,0.4783855718331208
1.0,1.0,65.17068529431577,0.4688759388796868
1.0,1.0,66.27055562097186,0.4598796206687069
1.0,1.0,67.38898820042604,0.4513596992754745
1.0,1.0,68.52629630345271,0.44328181238631825
1.0,1.0,69.68279848782338,0.43498426760631914
1.0,1.0,70.85881868753421,0.4265697541064381
1.0,1.0,72.05468630353916,0.4186213618532858
1.0,1.0,73.27073629601465,0.41075152540702287
1.0,1.0,74.5073092781812,0.40258391796662835
1.0,1.0,75.76475161170852,0.39483231347005104
1.0,1.0,77.04341550373073,0.3866154116618879
1.0,1.0,78.34365910549901,0.3785617168928912
1.0,1.0,79.66584661269887,0.3709474708679448
1.0,1.0,81.01034836746076,0.36374025624334155
1.0,1.0,82.37754096209213,0.3569115593244222
1.0,1.0,83.76780734456032,0.35043451771401307
1.0,1.0,85.18153692575534,0.3433756821163749
1.0,1.0,86.61912568856323,0.33583532461948595
1.0,1.0,88.08097629878006,0.32863212736961395
1.0,1.0,89.56749821789782,0.32180850279839945
1.0,1.0,91.07910781779381,0.31533828001206693
1.0,1.0,92.61622849735552,0.30902249900293843
1.0,1.0,94.17929080107395,0.3023361737929537
1.0,1.0,95.76873253963811,0.2960128981829601
1.0,1.0,97.38499891256511,0.2900262526885472
1.0,1.0,99.02854263289956,0.2843522931142651
1.0,1.0,100.69982405401764,0.27830445304833135
1.0,1.0,102.39931129857108,0.27220700083566274
1.0,1.0,104.1274803896079,0.26597332332181706
1.0,1.0,105.88481538390441,0.26007460039985697
1.0,1.0,107.67180850755013,0.254486846259007
1.0,1.0,109.48896029381763,0.24918853508406008
1.0,1.0,111.3367797233627,0.24415986537492643
1.0,1.0,113.215784366787,0.23896138070571227
1.0,1.0,115.12650052961035,0.23359186216095543
1.0,1.0,117.06946339968653,0.22814682973967249
1.0,1.0,119.04521719710894,0.22298582291259508
1.0,1.0,121.05431532664555,0.21808935516397915
1.0,1.0,123.09732053274638,0.21343969523427453
1.0,1.0,125.1748050571672,0.20852102354413257
1.0,1.0,127.28735079925328,0.2037876181896719
1.0,1.0,129.43554947892824,0.1992983563207381
1.0,1.0,131.62000280243362,0.19499594460431155
1.0,1.0,133.84132263086607,0.1905171977157133
1.0,1.0,136.10013115155726,0.18621073024199558
1.0,1.0,138.3970610523491,0.18166625400306738
1.0,1.0,140.7327556988063,0.177358093312797
1.0,1.0,143.10786931442402,0.1732699518887221
1.0,1.0,145.5230671638723,0.1693871293764963
1.0,1.0,147.97902573933771,0.1656962136866272
1.0,1.0,150.47643295000518,0.162053115480191
1.0,1.0,153.01598831474215,0.1579594194482257
1.0,1.0,155.5984031580309,0.15407249229515763
1.0,1.0,158.22440080920973,0.15038182824759802
1.0,1.0,160.89471680507614,0.14687460287576617
1.0,1.0,163.61009909590916,0.14353886848725506
1.0,1.0,166.3713082549687,0.14017523270688906
1.0,1.0,169.17911769153073,0.13682581172606473
1.0,1.0,172.03431386751757,0.13357651986394398
1.0,1.0,174.9376965177843,0.13027012900933002
1.0,1.0,177.8900788741238,0.12712577403176342
1.0,1.0,180.89228789304923,0.12413339207918506
1.0,1.0,183.94516448742593,0.12106099017006935
1.0,1.0,187.04956376200633,0.11807556189972308
1.0,1.0,190.20635525294608,0.11523453349033828
1.0,1.0,193.41642317135654,0.11252883890732576
1.0,1.0,196.6806666509734,0.10982760187126434
1.0,1.0,200.0,0.10716029896748192
