kTe_keV,theta,tau_T,fixed_xi,eta,p_sc,A_model,effective_albedo_ireflect_xi100,downward_flux_model,last_scatter_order,last_difmax,converged,max_scatter,convergence_tolerance,tbb_keV,disk_temperature_K,hemisphere_mu_order,observer_mu,exact_angles
10.0,0.019569471624266144,0.03,100.0,0.233924494402869,0.05635769636840826,0.06036422203479529,8.547302481681615e-09,2.33924494402869e-13,20,0.0014004206526502553,True,2000,0.0032,0.005,58022.590607750404,8,0.5,True
10.0,0.019569471624266144,0.04418889799794311,100.0,0.3367208876104255,0.08087083487279823,0.08678542326062938,9.747889496183483e-09,3.367208876104255e-13,22,0.0010419143622946848,True,2000,0.0032,0.005,58022.590607750404,8,0.5,True
10.0,0.019569471624266144,0.06508862354242069,100.0,0.4810312060832685,0.11497741240455339,0.12371693167510525,1.168155144026174e-08,4.810312060832685e-13,24,0.0012145161179424736,True,2000,0.0032,0.005,58022.590607750404,8,0.5,True
10.0,0.019569471624266144,0.09587315155141828,100.0,0.49121556359375573,0.16160153004164324,0.17453204113393428,1.490596300831216e-08,6.809866383439254e-13,26,0.002006451773336004,True,2000,0.0032,0.005,58022.590607750404,8,0.5,True
10.0,0.019569471624266144,0.1412176304882321,100.0,0.4939335008520183,0.2239489092766248,0.24311550053412573,2.0569058393729418e-08,9.538332046484023e-13,29,0.00202571112977048,True,2000,0.0032,0.005,58022.590607750404,8,0.5,True
10.0,0.019569471624266144,0.20800838230519034,100.0,0.4981711136934548,0.3048936372816544,0.3333821056325147,3.132088304419133e-08,1.3192045217091581e-12,33,0.0016431267639984257,True,2000,0.0032,0.005,58022.590607750404,8,0.5,True
10.0,0.019569471624266144,0.30638870628004045,100.0,0.5048210091527683,0.40561919070087504,0.44815038406390767,5.40931272372614e-08,1.7970182929942511e-12,37,0.0022858881209700897,True,2000,0.0032,0.005,58022.590607750404,8,0.5,True
10.0,0.019569471624266144,0.4512993096510154,100.0,0.5152435588940064,0.5236063361835086,0.587581424807646,1.0962692341596323e-07,2.4047610765515935e-12,43,0.002057589361863015,True,2000,0.0032,0.005,58022.590607750404,8,0.5,True
10.0,0.019569471624266144,0.6647473053570288,100.0,0.5310528675404459,0.6509514592039516,0.7484860288839121,2.7247378528555833e-07,3.1572775462647915e-12,50,0.0025027529239254258,True,2000,0.0032,0.005,58022.590607750404,8,0.5,True
10.0,0.019569471624266144,0.9791483623609764,100.0,0.553522183272879,0.7743365475205322,0.9268652400956205,8.978958891231423e-07,4.075143725049741e-12,60,0.0024470334501014916,True,2000,0.0032,0.005,58022.590607750404,8,0.5,True
10.0,0.019569471624266144,1.4422495703074076,100.0,0.5821834830825093,0.8776914889903329,1.1289471752094278,4.497579978779821e-06,5.220652732847398e-12,73,0.0027037009267390686,True,2000,0.0032,0.005,58022.590607750404,8,0.5,True
10.0,0.019569471624266144,2.124380638329711,100.0,0.6104000671977619,0.9483500962591591,1.4150579929350589,4.5712046285478677e-05,6.860884623347609e-12,92,0.0026128958875493357,True,2000,0.0032,0.005,58022.590607750404,8,0.5,True
10.0,0.019569471624266144,3.1291346445318973,100.0,0.6099969610897172,0.984681551386669,2.2160697664749858,0.0013293462861350455,1.073748090900893e-11,119,0.002927000181424097,True,2000,0.0032,0.005,58022.590607750404,8,0.5,True
10.0,0.019569471624266144,4.609100387635,100.0,0.526236459376617,0.9972582668325466,14.696443021445727,0.04303771382736762,6.143055992522666e-11,170,0.002870812015731959,True,2000,0.0032,0.005,58022.590607750404,8,0.5,True
10.0,0.019569471624266144,6.789035563049437,100.0,0.5000113704229686,0.9997634246737808,110702.2902109836,0.19781461890787932,4.396709690246411e-07,453,0.0029867613300659773,True,2000,0.0032,0.005,58022.590607750404,8,0.5,True
10.0,0.019569471624266144,10.0,100.0,0.49999999999998895,0.999992896996593,4.756719056853053e+68,0.20515055024557957,1.8891603002913463e+57,1999,0.07179890404433395,False,2000,0.0032,0.005,58022.590607750404,8,0.5,True
12.210553000675684,0.023895407046332064,0.03,100.0,0.24280659606369592,0.05635746321318191,0.0615384003941597,1.8798002888424587e-08,2.428065960636959e-13,19,0.0011243622328168245,True,2000,0.0032,0.005,58022.590607750404,8,0.5,True
12.210553000675684,0.023895407046332064,0.04418889799794311,100.0,0.34966956831552,0.08087050782631255,0.08852308961995389,2.1629426374718335e-08,3.4966956831551997e-13,20,0.0025010857081663356,True,2000,0.0032,0.005,58022.590607750404,8,0.5,True
12.210553000675684,0.023895407046332064,0.06508862354242069,100.0,0.4982636918656147,0.11497696088750764,0.12629344775420162,2.6243173919357922e-08,4.9984041163822e-13,22,0.0022738091503653204,True,2000,0.0032,0.005,58022.590607750404,8,0.5,True
12.210553000675684,0.023895407046332064,0.09587315155141828,100.0,0.4998680959969452,0.1616009186846492,0.17836237360070722,3.406661321507946e-08,7.081902878618863e-13,24,0.002992096885653409,True,2000,0.0032,0.005,58022.590607750404,8,0.5,True
12.210553000675684,0.023895407046332064,0.1412176304882321,100.0,0.5023999808539693,0.22394810187365455,0.2488304377224636,4.811539923759413e-08,9.929889648914807e-13,27,0.002456148524306049,True,2000,0.0032,0.005,58022.590607750404,8,0.5,True
12.210553000675684,0.023895407046332064,0.20800838230519034,100.0,0.5063430475757156,0.30489260746097646,0.34195362887378306,7.550663256037359e-08,1.3753187776736662e-12,31,0.0016323315599653537,True,2000,0.0032,0.005,58022.590607750404,8,0.5,True
12.210553000675684,0.023895407046332064,0.30638870628004045,100.0,0.5125503424110774,0.4056179420175128,0.46111053666552837,1.3540676024109426e-07,1.8772965356331322e-12,35,0.0019360239683562685,True,2000,0.0032,0.005,58022.590607750404,8,0.5,True
12.210553000675684,0.023895407046332064,0.4512993096510154,100.0,0.5223212678114546,0.5236049256304987,0.6074377477104701,2.887726637357329e-07,2.5201755322870413e-12,40,0.0023324283260963497,True,2000,0.0032,0.005,58022.590607750404,8,0.5,True
12.210553000675684,0.023895407046332064,0.6647473053570288,100.0,0.5371364705378325,0.6509500091497078,0.7796069608474511,7.784242329165797e-07,3.3262252324698332e-12,47,0.0022854887050650532,True,2000,0.0032,0.005,58022.590607750404,8,0.5,True
12.210553000675684,0.023895407046332064,0.9791483623609764,100.0,0.5579389950585555,0.7743352326211059,0.9777242552347373,2.9000827919487492e-06,4.333057074758648e-12,56,0.0024325576124301306,True,2000,0.0032,0.005,58022.590607750404,8,0.5,True
12.210553000675684,0.023895407046332064,1.4422495703074076,100.0,0.5833988573059692,0.8776904870062632,1.2195376360570596,1.738936258558186e-05,5.651348455479865e-12,68,0.002647161316749909,True,2000,0.0032,0.005,58022.590607750404,8,0.5,True
12.210553000675684,0.023895407046332064,2.124380638329711,100.0,0.6044185835926494,0.9483495002704397,1.6139728572704828,0.00022892641034456102,7.748637429002643e-12,85,0.0026922401272390065,True,2000,0.0032,0.005,58022.590607750404,8,0.5,True
12.210553000675684,0.023895407046332064,3.1291346445318973,100.0,0.5877489349005074,0.9846813018482254,3.0073411307322813,0.005765702564613038,1.403995931650693e-11,110,0.0027553040903478348,True,2000,0.0032,0.005,58022.590607750404,8,0.5,True
12.210553000675684,0.023895407046332064,4.609100387635,100.0,0.5151638590105955,0.9972582034317853,28.6779985580081,0.0788371205228298,1.1735065847052163e-10,154,0.0028453348154613076,True,2000,0.0032,0.005,58022.590607750404,8,0.5,True
12.210553000675684,0.023895407046332064,6.789035563049437,100.0,0.5000349903990381,0.9997634168634835,56064.38185254944,0.22435399524689248,2.2267873124051377e-07,356,0.002983802255133713,True,2000,0.0032,0.005,58022.590607750404,8,0.5,True
12.210553000675684,0.023895407046332064,10.0,100.0,0.4999999999999894,0.9999928966603209,9.386820323436024e+64,0.23607140575052915,3.728033564533292e+53,1999,0.06772344824936585,False,2000,0.0032,0.005,58022.590607750404,8,0.5,True
14.909760458230988,0.02917761342119567,0.03,100.0,0.2529456443380496,0.056357182934714034,0.0630078826656115,4.2890158939416495e-08,2.529456443380496e-13,18,0.0009789287844830488,True,2000,0.0032,0.005,58022.590607750404,8,0.5,True
14.909760458230988,0.02917761342119567,0.04418889799794311,100.0,0.3644852191853489,0.08087011468005434,0.09070054085904694,4.987958076404003e-08,3.644852191853489e-13,19,0.0020135213305850696,True,2000,0.0032,0.005,58022.590607750404,8,0.5,True
14.909760458230988,0.02917761342119567,0.06508862354242069,100.0,0.5068092273208187,0.11497641811366666,0.12952784255076852,6.142587313438186e-08,5.214335243733493e-13,21,0.0016346177587669695,True,2000,0.0032,0.005,58022.590607750404,8,0.5,True
14.909760458230988,0.02917761342119567,0.09587315155141828,100.0,0.5082791665711724,0.1616001837651606,0.18318280006639961,8.13427710016894e-08,7.395683324071646e-13,23,0.0019808178376008005,True,2000,0.0032,0.005,58022.590607750404,8,0.5,True
14.909760458230988,0.02917761342119567,0.1412176304882321,100.0,0.5105933605966967,0.2239471312846134,0.2560478892723573,1.178591937611012e-07,1.038454966700225e-12,26,0.0014595347137812526,True,2000,0.0032,0.005,58022.590607750404,8,0.5,True
14.909760458230988,0.02917761342119567,0.20800838230519034,100.0,0.5141987174884861,0.30489136950020834,0.3528327341904299,1.9106556661706711e-07,1.4410901964546603e-12,29,0.0017453837668524625,True,2000,0.0032,0.005,58022.590607750404,8,0.5,True
14.909760458230988,0.02917761342119567,0.30638870628004045,100.0,0.519901444180313,0.40561644095791627,0.4776802663112956,3.5835754386807364e-07,1.9726481457627477e-12,33,0.0017313770127858055,True,2000,0.0032,0.005,58022.590607750404,8,0.5,True
14.909760458230988,0.02917761342119567,0.4512993096510154,100.0,0.5289224926814079,0.5236032299833675,0.633110013872667,8.178264998906886e-07,2.6598829355838077e-12,37,0.0028531194645381305,True,2000,0.0032,0.005,58022.590607750404,8,0.5,True
14.909760458230988,0.02917761342119567,0.6647473053570288,100.0,0.5425664562473465,0.6509482660151267,0.8205787110718351,2.4267049284043766e-06,3.5364253117569323e-12,44,0.002206420923165255,True,2000,0.0032,0.005,58022.590607750404,8,0.5,True
14.909760458230988,0.02917761342119567,0.9791483623609764,100.0,0.5613363146737016,0.7743336519554354,1.0468239321937935,1.0268952169640699e-05,4.667540407006278e-12,52,0.00256958463758688,True,2000,0.0032,0.005,58022.590607750404,8,0.5,True
14.909760458230988,0.02917761342119567,1.4422495703074076,100.0,0.5827265677910977,0.8776892824989129,1.3503159504686406,7.619984094715322e-05,6.250165556224652e-12,63,0.0027382794435566833,True,2000,0.0032,0.005,58022.590607750404,8,0.5,True
14.909760458230988,0.02917761342119567,2.124380638329711,100.0,0.5944027781219082,0.9483487838164274,1.9406787433634591,0.001134953161629839,9.162748876569948e-12,78,0.0029375368537961667,True,2000,0.0032,0.005,58022.590607750404,8,0.5,True
14.909760458230988,0.02917761342119567,3.1291346445318973,100.0,0.5628205013833358,0.984681001869772,4.61888078153569,0.019093066737206146,2.0648949682146207e-11,101,0.002708906276979134,True,2000,0.0032,0.005,58022.590607750404,8,0.5,True
14.909760458230988,0.02917761342119567,4.609100387635,100.0,0.5091108060926702,0.9972581272150389,56.08300427054509,0.12002009558817585,2.2679573839955015e-10,139,0.002823557622774571,True,2000,0.0032,0.005,58022.590607750404,8,0.5,True
14.909760458230988,0.02917761342119567,6.789035563049437,100.0,0.5000992269579672,0.9997634074742887,34357.004864636954,0.24453297854258244,1.3647804227921518e-07,287,0.00297899648138547,True,2000,0.0032,0.005,58022.590607750404,8,0.5,True
14.909760458230988,0.02917761342119567,10.0,100.0,0.4999999999999897,0.9999928962560628,4.8099641216622304e+60,0.25868006638719093,1.9103069060550463e+49,1999,0.06298657472747406,False,2000,0.0032,0.005,58022.590607750404,8,0.5,True
18.205642030260805,0.03562747951127359,0.03,100.0,0.26482369362401825,0.05635684712216171,0.06485871541201822,1.0340506206161875e-07,2.648236936240182e-13,17,0.0009265161686085184,True,2000,0.0032,0.005,58022.590607750404,8,0.5,True
18.205642030260805,0.03562747951127359,0.04418889799794311,100.0,0.3818849898891735,0.08086964363610005,0.09344744875631454,1.2178596264627692e-07,3.818849898891735e-13,18,0.0017330123423065107,True,2000,0.0032,0.005,58022.590607750404,8,0.5,True
18.205642030260805,0.03562747951127359,0.06508862354242069,100.0,0.5152761377182226,0.11497576779486096,0.1336173187350003,1.5254387267060502e-07,5.468825776035782e-13,20,0.0012372860874160525,True,2000,0.0032,0.005,58022.590607750404,8,0.5,True
18.205642030260805,0.03562747951127359,0.09587315155141828,100.0,0.5165803607445439,0.16159930322876015,0.18929691894789336,2.0654164910086068e-07,7.767347602351655e-13,22,0.0013569057805198786,True,2000,0.0032,0.005,58022.590607750404,8,0.5,True
18.205642030260805,0.03562747951127359,0.1412176304882321,100.0,0.5186336907711937,0.22394596838258662,0.26524310989572986,3.0813628237331253e-07,1.0926879181715589e-12,24,0.002082331524305437,True,2000,0.0032,0.005,58022.590607750404,8,0.5,True
18.205642030260805,0.03562747951127359,0.20800838230519034,100.0,0.5218411540857177,0.3048898862483326,0.36678121414712034,5.199488397358257e-07,1.5203259705392871e-12,27,0.0020194342248198187,True,2000,0.0032,0.005,58022.590607750404,8,0.5,True
18.205642030260805,0.03562747951127359,0.30638870628004045,100.0,0.5269516700398859,0.4056146424748053,0.49912501529429437,1.0314541877975132e-06,2.0891586731911155e-12,30,0.0029867177560571846,True,2000,0.0032,0.005,58022.590607750404,8,0.5,True
18.205642030260805,0.03562747951127359,0.4512993096510154,100.0,0.5350833283700495,0.5236011983541149,0.6668221991981514,2.532587086614074e-06,2.834149620687675e-12,35,0.0023352816966097567,True,2000,0.0032,0.005,58022.590607750404,8,0.5,True
18.205642030260805,0.03562747951127359,0.6647473053570288,100.0,0.5473047417406441,0.6509461774855942,0.875686776014525,8.228676378891514e-06,3.8068810465152224e-12,41,0.002261889341620373,True,2000,0.0032,0.005,58022.590607750404,8,0.5,True
18.205642030260805,0.03562747951127359,0.9791483623609764,100.0,0.5635208567799288,0.774331758083088,1.1438208308079008,4.0427514121610306e-05,5.11987432332184e-12,48,0.0028938234731358268,True,2000,0.0032,0.005,58022.590607750404,8,0.5,True
18.205642030260805,0.03562747951127359,1.4422495703074076,100.0,0.5796143260403954,0.8776878393155267,1.549940301197967,0.0003628817033016375,7.1358446463840505e-12,59,0.0023800061800403555,True,2000,0.0032,0.005,58022.590607750404,8,0.5,True
18.205642030260805,0.03562747951127359,2.124380638329711,100.0,0.5797188718711496,0.9483479253914253,2.5282003435252953,0.004881776908541664,1.164180254188792e-11,72,0.002887980958211586,True,2000,0.0032,0.005,58022.590607750404,8,0.5,True
18.205642030260805,0.03562747951127359,3.1291346445318973,100.0,0.5404071543051321,0.9846806424459242,8.0799098341226,0.04685369479324775,3.468317991561101e-11,92,0.0028024355042713094,True,2000,0.0032,0.005,58022.590607750404,8,0.5,True
18.205642030260805,0.03562747951127359,4.609100387635,100.0,0.5059900039487508,0.9972580358939175,106.8158169657152,0.1596361658777113,4.2930782872389435e-10,125,0.002803353519383472,True,2000,0.0032,0.005,58022.590607750404,8,0.5,True
18.205642030260805,0.03562747951127359,6.789035563049437,100.0,0.5002653808665177,0.9997633962242244,23994.4692843197,0.25707703982272384,9.534609331913445e-08,235,0.002984696980166672,True,2000,0.0032,0.005,58022.590607750404,8,0.5,True
18.205642030260805,0.03562747951127359,10.0,100.0,0.49999999999999023,0.9999928957716744,5.503792865635587e+55,0.2711759746768628,2.1858652694246616e+44,1999,0.05750690585086612,False,2000,0.0032,0.005,58022.590607750404,8,0.5,True
22.230095692182832,0.0435031226852893,0.03,100.0,0.2790312047279835,0.05635644636566162,0.06720520198851397,2.7024745981487965e-07,2.790312047279835e-13,16,0.0009597183480631666,True,2000,0.0032,0.005,58022.590607750404,8,0.5,True
22.230095692182832,0.0435031226852893,0.04418889799794311,100.0,0.4027532238890639,0.08086908149518202,0.09693701785156843,3.2300060063403876e-07,4.0275322388906394e-13,17,0.0016073255939776751,True,2000,0.0032,0.005,58022.590607750404,8,0.5,True
22.230095692182832,0.0435031226852893,0.06508862354242069,100.0,0.5237239999398158,0.11497499170820069,0.1388273151069419,4.12643656721638e-07,5.775222292476452e-13,19,0.0009949585010633566,True,2000,0.0032,0.005,58022.590607750404,8,0.5,True
22.230095692182832,0.0435031226852893,0.09587315155141828,100.0,0.5248196785900656,0.16159825240134684,0.197117745339699,5.734879429631825e-07,8.217262078152422e-13,20,0.002702942015441753,True,2000,0.0032,0.005,58022.590607750404,8,0.5,True
22.230095692182832,0.0435031226852893,0.1412176304882321,100.0,0.5265527262986424,0.22394458058080746,0.277072168823629,8.851394484246393e-07,1.158846929625719e-12,23,0.0013706630838046902,True,2000,0.0032,0.005,58022.590607750404,8,0.5,True
22.230095692182832,0.0435031226852893,0.20800838230519034,100.0,0.5292791332729422,0.3048881161411905,0.3848723267857567,1.558701364641628e-06,1.6180530717772847e-12,25,0.002541100927667736,True,2000,0.0032,0.005,58022.590607750404,8,0.5,True
22.230095692182832,0.0435031226852893,0.30638870628004045,100.0,0.5336759447917415,0.405612496169516,0.5272802093446127,3.2512669583257967e-06,2.2351691938135328e-12,29,0.001673271727158325,True,2000,0.0032,0.005,58022.590607750404,8,0.5,True
22.230095692182832,0.0435031226852893,0.4512993096510154,100.0,0.5407241469638359,0.5235987738091241,0.7119418573185667,8.473322780294321e-06,3.0578177399570256e-12,33,0.001998233240012274,True,2000,0.0032,0.005,58022.590607750404,8,0.5,True
22.230095692182832,0.0435031226852893,0.6647473053570288,100.0,0.5511708480553558,0.6509436850308707,0.9518638417426621,3.037441281804629e-05,4.1672770416307274e-12,38,0.002475063736420592,True,2000,0.0032,0.005,58022.590607750404,8,0.5,True
22.230095692182832,0.0435031226852893,0.9791483623609764,100.0,0.564096726969849,0.7743294979264769,1.2860383978849819,0.00017656962380191394,5.762339208272223e-12,45,0.0025327585843563896,True,2000,0.0032,0.005,58022.590607750404,8,0.5,True
22.230095692182832,0.0435031226852893,1.4422495703074076,100.0,0.5732787045819046,0.8776861170067715,1.877907266903746,0.0016707665344924323,8.551282548400014e-12,54,0.002751187357697009,True,2000,0.0032,0.005,58022.590607750404,8,0.5,True
22.230095692182832,0.0435031226852893,2.124380638329711,100.0,0.5611697260949786,0.9483469009333043,3.6874086436653055,0.016571233685457175,1.6436404003622607e-11,66,0.0029852608729762733,True,2000,0.0032,0.005,58022.590607750404,8,0.5,True
22.230095692182832,0.0435031226852893,3.1291346445318973,100.0,0.5243259163027454,0.9846802135004602,15.629901488863815,0.08734781836182551,6.509518562276062e-11,84,0.002725777668343941,True,2000,0.0032,0.005,58022.590607750404,8,0.5,True
22.230095692182832,0.0435031226852893,4.609100387635,100.0,0.5045081975581696,0.9972579269077897,195.1995450480648,0.19211362175900645,7.822369614198827e-10,112,0.0027864581527912453,True,2000,0.0032,0.005,58022.590607750404,8,0.5,True
22.230095692182832,0.0435031226852893,6.789035563049437,100.0,0.5006604553370279,0.9997633827977506,18485.929047697897,0.261798305027205,7.351498556513528e-08,195,0.0029700738743208867,True,2000,0.0032,0.005,58022.590607750404,8,0.5,True
22.230095692182832,0.0435031226852893,10.0,100.0,0.4999999999999908,0.9999928951935638,1.2093743515708867e+50,0.27341414374854156,4.8031047994872084e+38,1999,0.05119769089267032,False,2000,0.0032,0.005,58022.590607750404,8,0.5,True
27.144176165949066,0.05311971852436216,0.03,100.0,0.29633687448110296,0.056355970365635,0.07019943676055256,7.918370132651094e-07,2.9633687448110294e-13,15,0.0010927607925992273,True,2000,0.0032,0.005,58022.590607750404,8,0.5,True
27.144176165949066,0.05311971852436216,0.04418889799794311,100.0,0.4282482200897186,0.08086841380999965,0.10140135676549125,9.610587643222343e-07,4.2824822008971856e-13,16,0.001615763755412126,True,2000,0.0032,0.005,58022.590607750404,8,0.5,True
27.144176165949066,0.05311971852436216,0.06508862354242069,100.0,0.5321716538618102,0.11497406990772918,0.14551708103523445,1.2518267605106591e-06,6.1511599060368e-13,17,0.0029087063409697174,True,2000,0.0032,0.005,58022.590607750404,8,0.5,True
27.144176165949066,0.05311971852436216,0.09587315155141828,100.0,0.5329986445609675,0.16159700427569512,0.2072119616813986,1.7803032441364693e-06,8.772678855973719e-13,19,0.0021564710329286313,True,2000,0.0032,0.005,58022.590607750404,8,0.5,True
27.144176165949066,0.05311971852436216,0.1412176304882321,100.0,0.5343282404225046,0.22394293221107098,0.2924523564474397,2.8182091371608354e-06,1.241236556353763e-12,21,0.00235357928162672,True,2000,0.0032,0.005,58022.590607750404,8,0.5,True
27.144176165949066,0.05311971852436216,0.20800838230519034,100.0,0.5364575540598688,0.3048860136840684,0.4086465221202188,5.094490766686786e-06,1.7413035151404192e-12,24,0.0016188298836830406,True,2000,0.0032,0.005,58022.590607750404,8,0.5,True
27.144176165949066,0.05311971852436216,0.30638870628004045,100.0,0.5399714251829463,0.40560994687702845,0.5648807577055538,1.0959074191955154e-05,2.42280724377587e-12,27,0.001830346386829227,True,2000,0.0032,0.005,58022.590607750404,8,0.5,True
27.144176165949066,0.05311971852436216,0.4512993096510154,100.0,0.5456652026100052,0.5235958940298429,0.7737725813790184,3.0271599488660206e-05,3.3537516579316605e-12,31,0.0017981639502689052,True,2000,0.0032,0.005,58022.590607750404,8,0.5,True
27.144176165949066,0.05311971852436216,0.6647473053570288,100.0,0.5538419634648147,0.6509407245840259,1.060985436633657,0.00012269318648143666,4.667524276293058e-12,35,0.002906710810610043,True,2000,0.0032,0.005,58022.590607750404,8,0.5,True
27.144176165949066,0.05311971852436216,0.9791483623609764,100.0,0.5624596896835169,0.7743268133862082,1.5070408241089572,0.0007947241464129767,6.732986201666548e-12,42,0.0023110246802696167,True,2000,0.0032,0.005,58022.590607750404,8,0.5,True
27.144176165949066,0.05311971852436216,1.4422495703074076,100.0,0.5630768134151408,0.8776840712953173,2.4667639815374542,0.006600939199584578,1.1032820364850533e-11,50,0.002632806207058081,True,2000,0.0032,0.005,58022.590607750404,8,0.5,True
27.144176165949066,0.05311971852436216,2.124380638329711,100.0,0.542082591095069,0.9483456841019389,6.147291076563728,0.042313288379497806,2.6469183351044098e-11,61,0.0027018198544563727,True,2000,0.0032,0.005,58022.590607750404,8,0.5,True
27.144176165949066,0.05311971852436216,3.1291346445318973,100.0,0.5146732354121184,0.9846797040027347,31.78479686073562,0.1308936397439255,1.2993984035061527e-10,76,0.0028129194644751577,True,2000,0.0032,0.005,58022.590607750404,8,0.5,True
27.144176165949066,0.05311971852436216,4.609100387635,100.0,0.5040115735037201,0.997257797453301,340.1490853878485,0.21434322949501547,1.3617617183552455e-09,100,0.0027773451520425665,True,2000,0.0032,0.005,58022.590607750404,8,0.5,True
27.144176165949066,0.05311971852436216,6.789035563049437,100.0,0.5015080932315612,0.9997633668493848,15353.383814978204,0.2591630654423963,6.116082814356843e-08,163,0.0029779811588064677,True,2000,0.0032,0.005,58022.590607750404,8,0.5,True
27.144176165949066,0.05311971852436216,10.0,100.0,0.4999999999999915,0.9999928945068478,4.387825896819609e+43,0.2665624052597237,1.7426521074267428e+32,1999,0.04396515159452926,False,2000,0.0032,0.005,58022.590607750404,8,0.5,True
33.144540173399875,0.06486211384226981,0.03,100.0,0.31780890350582014,0.05635540816392148,0.07404830864569042,2.6328391854369997e-06,3.1780890350582015e-13,14,0.0013704881250023709,True,2000,0.0032,0.005,58022.590607750404,8,0.5,True
33.144540173399875,0.06486211384226981,0.04418889799794311,100.0,0.45998798959718995,0.08086762520942559,0.10715893585466515,3.221021759623423e-06,4.599879895971899e-13,15,0.0017667615089434398,True,2000,0.0032,0.005,58022.590607750404,8,0.5,True
33.144540173399875,0.06486211384226981,0.06508862354242069,100.0,0.5406537275086286,0.11497298117199817,0.15418552993901025,4.228452639817447e-06,6.621465549715392e-13,16,0.002831728333331915,True,2000,0.0032,0.005,58022.590607750404,8,0.5,True
33.144540173399875,0.06486211384226981,0.09587315155141828,100.0,0.5411248970508252,0.16159553011744943,0.22037985004032917,6.050729912113055e-06,9.472414717170857e-13,18,0.0018179901737857412,True,2000,0.0032,0.005,58022.590607750404,8,0.5,True
33.144540173399875,0.06486211384226981,0.1412176304882321,100.0,0.5419311559616334,0.22394098532400974,0.31270942181639727,9.615931761022618e-06,1.3460971062711345e-12,20,0.0017627242140353752,True,2000,0.0032,0.005,58022.590607750404,8,0.5,True
33.144540173399875,0.06486211384226981,0.20800838230519034,100.0,0.5432970215267251,0.30488353047234706,0.44040338655659517,1.7489627091209917e-05,1.9005499078168975e-12,22,0.0023978806500493484,True,2000,0.0032,0.005,58022.590607750404,8,0.5,True
33.144540173399875,0.06486211384226981,0.30638870628004045,100.0,0.5456863840943303,0.40560693590338637,0.6162032418069506,3.862585739629314e-05,2.670904751605806e-12,25,0.0021627460674905233,True,2000,0.0032,0.005,58022.590607750404,8,0.5,True
33.144540173399875,0.06486211384226981,0.4512993096510154,100.0,0.5496396160357232,0.5235924927103925,0.8611952632473666,0.00011545136153141257,3.759853856707798e-12,29,0.0017103494466173535,True,2000,0.0032,0.005,58022.590607750404,8,0.5,True
33.144540173399875,0.06486211384226981,0.6647473053570288,100.0,0.5548475863492671,0.6509372279778858,1.2250375497629122,0.0005210450229528705,5.399013414071032e-12,33,0.002337197546576397,True,2000,0.0032,0.005,58022.590607750404,8,0.5,True
33.144540173399875,0.06486211384226981,0.9791483623609764,100.0,0.557881511899578,0.7743236426432757,1.8775180891448686,0.003285388169690048,8.3198865374893e-12,39,0.0022122798826354137,True,2000,0.0032,0.005,58022.590607750404,8,0.5,True
33.144540173399875,0.06486211384226981,1.4422495703074076,100.0,0.5494946443154849,0.8776816550677441,3.62530357837975,0.020598176673603176,1.58233760015971e-11,46,0.0026543490110463894,True,2000,0.0032,0.005,58022.590607750404,8,0.5,True
33.144540173399875,0.06486211384226981,2.124380638329711,100.0,0.526594987728603,0.9483442468688673,11.56166545554228,0.08148137951658789,4.836023740247406e-11,56,0.002556356996176493,True,2000,0.0032,0.005,58022.590607750404,8,0.5,True
33.144540173399875,0.06486211384226981,3.1291346445318973,100.0,0.5095185935727368,0.9846791022143706,64.9305983740075,0.16755859941988582,2.6278510593025e-10,69,0.002703837064608862,True,2000,0.0032,0.005,58022.590607750404,8,0.5,True
33.144540173399875,0.06486211384226981,4.609100387635,100.0,0.5042263565255672,0.9972576445469784,564.826107971674,0.2255920790950103,2.2622031898352122e-09,89,0.0027801745858688485,True,2000,0.0032,0.005,58022.590607750404,8,0.5,True
33.144540173399875,0.06486211384226981,6.789035563049437,100.0,0.5031260495469067,0.9997633480114018,13580.77745251064,0.25034895468354584,5.427411376788048e-08,138,0.0029044365038525693,True,2000,0.0032,0.005,58022.590607750404,8,0.5,True
33.144540173399875,0.06486211384226981,10.0,100.0,0.4999999999999921,0.9999928936956818,2.265809719359202e+36,0.25260334066494106,8.998802995650502e+24,1999,0.03570718648190374,False,2000,0.0032,0.005,58022.590607750404,8,0.5,True
40.471316447032365,0.07920022788068956,0.03,100.0,0.344983552993961,0.05635474853078892,0.07904236665278049,9.512119748633718e-06,3.44983552993961e-13,13,0.0018942100695034671,True,2000,0.0032,0.005,58022.590607750404,8,0.5,True
40.471316447032365,0.07920022788068956,0.04418889799794311,100.0,0.5003139821214674,0.08086669994134887,0.11466167706087212,1.1579949298699235e-05,5.003139821214674e-13,14,0.0021060892315296286,True,2000,0.0032,0.005,58022.590607750404,8,0.5,True
40.471316447032365,0.07920022788068956,0.06508862354242069,100.0,0.5492355644091229,0.11497170375349874,0.1655510388984778,1.5075386844614199e-05,7.222405466464693e-13,15,0.0029653882923358966,True,2000,0.0032,0.005,58022.590607750404,8,0.5,True
40.471316447032365,0.07920022788068956,0.09587315155141828,100.0,0.549221328871817,0.16159380047982952,0.23779734100702518,2.1320289742238126e-05,1.0373986851809132e-12,17,0.001626427055499323,True,2000,0.0032,0.005,58022.590607750404,8,0.5,True
40.471316447032365,0.07920022788068956,0.1412176304882321,100.0,0.5493269522314638,0.2239387010291386,0.3398471217257397,3.350887999546861e-05,1.4828793192082298e-12,19,0.0013774260264466747,True,2000,0.0032,0.005,58022.590607750404,8,0.5,True
40.471316447032365,0.07920022788068956,0.20800838230519034,100.0,0.5496849013662457,0.30488061690059964,0.4837590721598931,6.115160756052859e-05,2.1121960938388575e-12,21,0.0016873111127788884,True,2000,0.0032,0.005,58022.590607750404,8,0.5,True
40.471316447032365,0.07920022788068956,0.30638870628004045,100.0,0.5505971274152023,0.4056034030978607,0.6883663647695868,0.00014107855677904504,3.0105433643955766e-12,23,0.0027697110226016074,True,2000,0.0032,0.005,58022.590607750404,8,0.5,True
40.471316447032365,0.07920022788068956,0.4512993096510154,100.0,0.5522531023619169,0.5235885018981028,0.990258272768574,0.0004589469434402691,4.343881286971346e-12,27,0.0017278395279398597,True,2000,0.0032,0.005,58022.590607750404,8,0.5,True
40.471316447032365,0.07920022788068956,0.6647473053570288,100.0,0.5535489538210681,0.6509331253507784,1.4883845520412067,0.002120682288691699,6.544289343708132e-12,31,0.0019418938375312075,True,2000,0.0032,0.005,58022.590607750404,8,0.5,True
40.471316447032365,0.07920022788068956,0.9791483623609764,100.0,0.5498929643398311,0.7743199223401619,2.556970024100239,0.011324048824042598,1.1168506577309582e-11,36,0.002238742085310388,True,2000,0.0032,0.005,58022.590607750404,8,0.5,True
40.471316447032365,0.07920022788068956,1.4422495703074076,100.0,0.5350181011548274,0.8776788200361493,6.078760311693537,0.048771946509731316,2.5832997352267783e-11,42,0.002850835163162171,True,2000,0.0032,0.005,58022.590607750404,8,0.5,True
40.471316447032365,0.07920022788068956,2.124380638329711,100.0,0.5164179108655216,0.9483425605052543,23.470171323716116,0.12398570602472264,9.627396551464486e-11,51,0.0025660633943535567,True,2000,0.0032,0.005,58022.590607750404,8,0.5,True
40.471316447032365,0.07920022788068956,3.1291346445318973,100.0,0.5070425367104536,0.9846783961026918,129.24661292770367,0.19207796204507357,5.205409133531656e-10,62,0.0028023846429501673,True,2000,0.0032,0.005,58022.590607750404,8,0.5,True
40.471316447032365,0.07920022788068956,4.609100387635,100.0,0.5050879752143292,0.9972574651301906,896.2349568553253,0.2269139897416529,3.5956731982642442e-09,79,0.0027944476049269673,True,2000,0.0032,0.005,58022.590607750404,8,0.5,True
40.471316447032365,0.07920022788068956,6.789035563049437,100.0,0.5059014832735212,0.9997633259067481,12616.605577113676,0.23678103508114526,5.06990455521924e-08,117,0.002903575293139233,True,2000,0.0032,0.005,58022.590607750404,8,0.5,True
40.471316447032365,0.07920022788068956,10.0,100.0,0.49999999999999273,0.9999928927438155,1.455648438504559e+28,0.2337485447884665,5.781197519416324e+16,1999,0.02631203903540221,False,2000,0.0032,0.005,58022.590607750404,8,0.5,True
49.41771544836059,0.09670785802027512,0.03,100.0,0.38009099451883654,0.05635398053144458,0.08560190331541838,3.477657439441507e-05,3.8009099451883653e-13,12,0.00288228204578945,True,2000,0.0032,0.005,58022.590607750404,8,0.5,True
49.41771544836059,0.09670785802027512,0.04418889799794311,100.0,0.5526566648697043,0.08086562266731334,0.1245717791717195,4.1727092442070575e-05,5.526566648697043e-13,13,0.0027396940998386456,True,2000,0.0032,0.005,58022.590607750404,8,0.5,True
49.41771544836059,0.09670785802027512,0.06508862354242069,100.0,0.5579579128699939,0.11497021647571137,0.18068549916673698,5.332941628079995e-05,8.007852136732046e-13,15,0.0008514430770863285,True,2000,0.0032,0.005,58022.590607750404,8,0.5,True
49.41771544836059,0.09670785802027512,0.09587315155141828,100.0,0.5572635344432711,0.16159178668901564,0.2612640295048489,7.397719437667171e-05,1.156462488438002e-12,16,0.0015489599825930516,True,2000,0.0032,0.005,58022.590607750404,8,0.5,True
49.41771544836059,0.09670785802027512,0.1412176304882321,100.0,0.5564038633956853,0.2239360414565128,0.3770420561160782,0.00011510494903905992,1.666369225362099e-12,18,0.00112669412289698,True,2000,0.0032,0.005,58022.590607750404,8,0.5,True
49.41771544836059,0.09670785802027512,0.20800838230519034,100.0,0.55539197030612,0.3048772246645405,0.5447371411745605,0.0002141121516802437,2.4031334485967293e-12,19,0.0029813517649374113,True,2000,0.0032,0.005,58022.590607750404,8,0.5,True
49.41771544836059,0.09670785802027512,0.30638870628004045,100.0,0.5543121631046506,0.40559928988646154,0.7940823740054396,0.0005238947329505052,3.4963207608239045e-12,22,0.0018291562630341404,True,2000,0.0032,0.005,58022.590607750404,8,0.5,True
49.41771544836059,0.09670785802027512,0.4512993096510154,100.0,0.5528957395337701,0.523583855420015,1.1924358900189103,0.0017764150361329603,5.236843396318533e-12,25,0.0018637018444932973,True,2000,0.0032,0.005,58022.590607750404,8,0.5,True
49.41771544836059,0.09670785802027512,0.6647473053570288,100.0,0.5492425425731158,0.6509283486686528,1.9477447915513846,0.007514989224472944,8.497428619573331e-12,28,0.002830139008967929,True,2000,0.0032,0.005,58022.590607750404,8,0.5,True
49.41771544836059,0.09670785802027512,0.9791483623609764,100.0,0.539147408080372,0.7743155907742568,3.9188531829810613,0.03060463950617385,1.6782544964568796e-11,33,0.0024180114808816065,True,2000,0.0032,0.005,58022.590607750404,8,0.5,True
49.41771544836059,0.09670785802027512,1.4422495703074076,100.0,0.5229045949106309,0.8776755191711586,11.487380912058121,0.08824968967428658,4.771278693790235e-11,39,0.0023834637732400655,True,2000,0.0032,0.005,58022.590607750404,8,0.5,True
49.41771544836059,0.09670785802027512,2.124380638329711,100.0,0.5106625336190113,0.9483405970286869,48.90950611621598,0.15868835848969462,1.9838945185844545e-10,46,0.002784024888503929,True,2000,0.0032,0.005,58022.590607750404,8,0.5,True
49.41771544836059,0.09670785802027512,3.1291346445318973,100.0,0.5061233321990567,0.9846775739462679,247.00186904600497,0.2037865216295381,9.929969228947087e-10,56,0.002673613448366981,True,2000,0.0032,0.005,58022.590607750404,8,0.5,True
49.41771544836059,0.09670785802027512,4.609100387635,100.0,0.5066419629672427,0.9972572562229187,1365.1326893958744,0.2203039404296662,5.4937302172421384e-09,70,0.0028106642516090353,True,2000,0.0032,0.005,58022.590607750404,8,0.5,True
49.41771544836059,0.09670785802027512,6.789035563049437,100.0,0.5101785701945206,0.9997633001679712,12237.060371124726,0.2200428166486926,4.958960162511501e-08,100,0.002862167493938887,True,2000,0.0032,0.005,58022.590607750404,8,0.5,True
49.41771544836059,0.09670785802027512,10.0,100.0,0.4999999999999941,0.9999928916354065,1.0830377289291235e+19,0.2120939802938798,43013511.1356405,1999,0.015655069768944176,False,2000,0.0032,0.005,58022.590607750404,8,0.5,True
60.34176336545163,0.1180856425938388,0.03,100.0,0.4263847829487304,0.056353094267503456,0.09434929641596194,0.00012103747559242716,4.263847829487304e-13,12,0.0008024319086611898,True,2000,0.0032,0.005,58022.590607750404,8,0.5,True
60.34176336545163,0.1180856425938388,0.04418889799794311,100.0,0.5679893314775246,0.08086437950256409,0.13788633048684082,0.00014259529774507341,6.220892505598026e-13,13,0.0007785199055862451,True,2000,0.0032,0.005,58022.590607750404,8,0.5,True
60.34176336545163,0.1180856425938388,0.06508862354242069,100.0,0.5667311499557648,0.11496850016896931,0.20124123669971808,0.00017857618720569805,9.059106514649552e-13,14,0.0009953391949917025,True,2000,0.0032,0.005,58022.590607750404,8,0.5,True
60.34176336545163,0.1180856425938388,0.09587315155141828,100.0,0.565065558046216,0.16158946278829167,0.2936463386596983,0.00024393622377021779,1.3179979404245498e-12,15,0.0015759863349509345,True,2000,0.0032,0.005,58022.590607750404,8,0.5,True
60.34176336545163,0.1180856425938388,0.1412176304882321,100.0,0.5628488631721956,0.22393297232426246,0.4295883293723941,0.00038128314090163975,1.9205940191252154e-12,16,0.0028918051068133103,True,2000,0.0032,0.005,58022.590607750404,8,0.5,True
60.34176336545163,0.1180856425938388,0.20800838230519034,100.0,0.5599400682581532,0.3048733100357668,0.6340181031370856,0.0007368735175852353,2.819905203121173e-12,18,0.0023564485781242617,True,2000,0.0032,0.005,58022.590607750404,8,0.5,True
60.34176336545163,0.1180856425938388,0.30638870628004045,100.0,0.5561497257517901,0.405594543242504,0.957812023615719,0.0018842596165385382,4.231197685150054e-12,20,0.0027283682217268783,True,2000,0.0032,0.005,58022.590607750404,8,0.5,True
60.34176336545163,0.1180856425938388,0.4512993096510154,100.0,0.5507426481866295,0.5235784933679458,1.5343804484371966,0.006155976920593488,6.712326433662284e-12,23,0.0021613421763410786,True,2000,0.0032,0.005,58022.590607750404,8,0.5,True
60.34176336545163,0.1180856425938388,0.6647473053570288,100.0,0.5417053293234904,0.6509228363354532,2.8252955311177055,0.021615409373946088,1.2156772661897434e-11,26,0.0026539273584166626,True,2000,0.0032,0.005,58022.590607750404,8,0.5,True
60.34176336545163,0.1180856425938388,0.9791483623609764,100.0,0.5279147132579345,0.774310592078157,6.836823673880783,0.06337215478472873,2.866879571336832e-11,30,0.0028222069223979855,True,2000,0.0032,0.005,58022.590607750404,8,0.5,True
60.34176336545163,0.1180856425938388,1.4422495703074076,100.0,0.5147180808959638,0.8776717098870271,23.44406730179438,0.1276960009795115,9.585034673332153e-11,35,0.002973039368574181,True,2000,0.0032,0.005,58022.590607750404,8,0.5,True
60.34176336545163,0.1180856425938388,2.124380638329711,100.0,0.5077534068278664,0.948338331097373,100.82827006570699,0.1802268475004151,4.066553276962421e-10,42,0.0025351771533100426,True,2000,0.0032,0.005,58022.590607750404,8,0.5,True
60.34176336545163,0.1180856425938388,3.1291346445318973,100.0,0.5062071856449767,0.9846766251278146,450.0618732874227,0.20452862735561142,1.809638526737257e-09,50,0.002801858106745672,True,2000,0.0032,0.005,58022.590607750404,8,0.5,True
60.34176336545163,0.1180856425938388,4.609100387635,100.0,0.5089787114090562,0.9972570151251386,2006.2040117820266,0.20805811521093773,8.110843410106012e-09,62,0.0028069371458210603,True,2000,0.0032,0.005,58022.590607750404,8,0.5,True
60.34176336545163,0.1180856425938388,6.789035563049437,100.0,0.5161757849516135,0.9997632704620144,12304.086597657004,0.20153093598849353,5.0447344514710415e-08,86,0.0027988374709104914,True,2000,0.0032,0.005,58022.590607750404,8,0.5,True
60.34176336545163,0.1180856425938388,10.0,100.0,0.5000035667286081,0.9999928903560875,1579507310.1134968,0.18919116254800417,0.006273155413317125,1999,0.0035943051114568783,False,2000,0.0032,0.005,58022.590607750404,8,0.5,True
73.68062997280774,0.14418909975109145,0.03,100.0,0.4886777863332315,0.05635208172789552,0.10622595850905933,0.00038320132466049435,4.886777863332315e-13,11,0.0014572010347850253,True,2000,0.0032,0.005,58022.590607750404,8,0.5,True
73.68062997280774,0.14418909975109145,0.04418889799794311,100.0,0.5774913839793526,0.08086295920960695,0.15614738825305582,0.00044365600382942566,7.162613848758278e-13,12,0.0011749891123352466,True,2000,0.0032,0.005,58022.590607750404,8,0.5,True
73.68062997280774,0.14418909975109145,0.06508862354242069,100.0,0.5752274076026798,0.11496653931826584,0.22985436058560624,0.000547259871008351,1.050228071116157e-12,13,0.0012640362833380597,True,2000,0.0032,0.005,58022.590607750404,8,0.5,True
73.68062997280774,0.14418909975109145,0.09587315155141828,100.0,0.5721629646220981,0.16158680776917067,0.3397172329735605,0.0007462630557355099,1.5439336245670848e-12,14,0.0017181436720855817,True,2000,0.0032,0.005,58022.590607750404,8,0.5,True
73.68062997280774,0.14418909975109145,0.1412176304882321,100.0,0.5680250381739426,0.22392946588515616,0.5068226502335196,0.0011965386972019904,2.286729527151055e-12,15,0.002775424187912658,True,2000,0.0032,0.005,58022.590607750404,8,0.5,True
73.68062997280774,0.14418909975109145,0.20800838230519034,100.0,0.5624943805513068,0.30486883761996997,0.7718824260968519,0.0024125364664975505,3.448741521379561e-12,17,0.0019282038520931591,True,2000,0.0032,0.005,58022.590607750404,8,0.5,True
73.68062997280774,0.14418909975109145,0.30638870628004045,100.0,0.5551359274544357,0.4055891202434513,1.2301891826870606,0.006145724238051807,5.42453534602852e-12,19,0.0019561675572833917,True,2000,0.0032,0.005,58022.590607750404,8,0.5,True
73.68062997280774,0.14418909975109145,0.4512993096510154,100.0,0.5451580429868993,0.5235723672459154,2.165613381311523,0.017798107138048625,9.377663710621995e-12,21,0.002715040605205145,True,2000,0.0032,0.005,58022.590607750404,8,0.5,True
73.68062997280774,0.14418909975109145,0.6647473053570288,100.0,0.5320848706198426,0.6509165384845184,4.639841434547958,0.04851281771926617,1.9609898856979632e-11,24,0.002631292850078171,True,2000,0.0032,0.005,58022.590607750404,8,0.5,True
73.68062997280774,0.14418909975109145,0.9791483623609764,100.0,0.5187341837467058,0.7743048810176536,13.287479568603256,0.10249524561732916,5.474932667723293e-11,28,0.0022291294668758148,True,2000,0.0032,0.005,58022.590607750404,8,0.5,True
73.68062997280774,0.14418909975109145,1.4422495703074076,100.0,0.5099746198408742,0.8776673576975847,49.21655787257608,0.15695895659963227,1.9936600389932012e-10,32,0.002832669967000219,True,2000,0.0032,0.005,58022.590607750404,8,0.5,True
73.68062997280774,0.14418909975109145,2.124380638329711,100.0,0.5065330718934459,0.9483357421845316,200.98092337626605,0.18859510278870348,8.086376305537259e-10,38,0.002488653127265127,True,2000,0.0032,0.005,58022.590607750404,8,0.5,True
73.68062997280774,0.14418909975109145,3.1291346445318973,100.0,0.5070431729653313,0.984675541044487,781.8061040489994,0.1971367131295146,3.148729122710194e-09,45,0.0026448106008668394,True,2000,0.0032,0.005,58022.590607750404,8,0.5,True
73.68062997280774,0.14418909975109145,4.609100387635,100.0,0.5121800918176452,0.9972567396480588,2858.374772829163,0.1923122308350157,1.162875359944519e-08,55,0.00274438568174046,True,2000,0.0032,0.005,58022.590607750404,8,0.5,True
73.68062997280774,0.14418909975109145,6.789035563049437,100.0,0.5239127917667421,0.999763236518695,12745.195472536356,0.18244673037916478,5.303918075662468e-08,74,0.0028010113439714975,True,2000,0.0032,0.005,58022.590607750404,8,0.5,True
73.68062997280774,0.14418909975109145,10.0,100.0,0.5166974989871085,0.9999928888941916,303948.5778390648,0.1698972357788028,1.2474633054467105e-06,185,0.0029617212150434783,True,2000,0.0032,0.005,58022.590607750404,8,0.5,True
89.96812374061423,0.17606286446304156,0.03,100.0,0.5742587336247642,0.05635093764581056,0.12269216381538006,0.0010648326424722502,5.742587336247641e-13,10,0.002924420630027015,True,2000,0.0032,0.005,58022.590607750404,8,0.5,True
89.96812374061423,0.17606286446304156,0.04418889799794311,100.0,0.5865257506430518,0.08086135440024689,0.18181863218446426,0.001219553409527204,8.470650727597831e-13,11,0.0019506473673947637,True,2000,0.0032,0.005,58022.590607750404,8,0.5,True
89.96812374061423,0.17606286446304156,0.06508862354242069,100.0,0.5827951649161922,0.11496432372277687,0.27091133077533197,0.0015029284403533971,1.2541064866364771e-12,12,0.0017490673906286598,True,2000,0.0032,0.005,58022.590607750404,8,0.5,True
89.96812374061423,0.17606286446304156,0.09587315155141828,100.0,0.5777249139661131,0.16158380781840243,0.40786085010453604,0.0020927575281578935,1.8716490629677487e-12,13,0.0020151744839623227,True,2000,0.0032,0.005,58022.590607750404,8,0.5,True
89.96812374061423,0.17606286446304156,0.1412176304882321,100.0,0.5709065298776227,0.2239255038941621,0.6263045633695219,0.003496810587323287,2.840154011413926e-12,14,0.002823445619138358,True,2000,0.0032,0.005,58022.590607750404,8,0.5,True
89.96812374061423,0.17606286446304156,0.20800838230519034,100.0,0.561909263871639,0.30486378414198456,0.9995820713740861,0.007181507648739257,4.461449223410181e-12,16,0.0016403917706490118,True,2000,0.0032,0.005,58022.590607750404,8,0.5,True
89.96812374061423,0.17606286446304156,0.30638870628004045,100.0,0.5503989643167253,0.40558299266038045,1.7222723165325136,0.017065658128727085,7.529579678419658e-12,18,0.0014260071401444284,True,2000,0.0032,0.005,58022.590607750404,8,0.5,True
89.96812374061423,0.17606286446304156,0.4512993096510154,100.0,0.5366230079986921,0.5235654451545559,3.4303816641287654,0.041013917816659556,1.4621873965450226e-11,20,0.0017525542082294696,True,2000,0.0032,0.005,58022.590607750404,8,0.5,True
89.96812374061423,0.17606286446304156,0.6647473053570288,100.0,0.5227650503841705,0.6509094223081773,8.578584680960224,0.08480159266098518,3.5621605702407065e-11,22,0.0027904750465506116,True,2000,0.0032,0.005,58022.590607750404,8,0.5,True
89.96812374061423,0.17606286446304156,0.9791483623609764,100.0,0.5126062087207741,0.774298427824578,27.475445057669816,0.1361204234693066,1.1187161368671487e-10,26,0.0018211946504051854,True,2000,0.0032,0.005,58022.590607750404,8,0.5,True
89.96812374061423,0.17606286446304156,1.4422495703074076,100.0,0.5075449864764745,0.8776624398989804,102.27582152336,0.17241862773360586,4.123241983497454e-10,29,0.0029171188728923146,True,2000,0.0032,0.005,58022.590607750404,8,0.5,True
89.96812374061423,0.17606286446304156,2.124380638329711,100.0,0.5063470401440155,0.9483328167689226,382.8901738811673,0.18644790862984373,1.539975463705935e-09,34,0.002703185882900592,True,2000,0.0032,0.005,58022.590607750404,8,0.5,True
89.96812374061423,0.17606286446304156,3.1291346445318973,100.0,0.5085436361093629,0.9846743160250466,1295.278545480822,0.18440385079337873,5.2321802907388426e-09,40,0.0027850673626826214,True,2000,0.0032,0.005,58022.590607750404,8,0.5,True
89.96812374061423,0.17606286446304156,4.609100387635,100.0,0.5162719174199503,0.997256428347147,3965.140961783497,0.17479700354511724,1.626029565544417e-08,49,0.0025717634040665414,True,2000,0.0032,0.005,58022.590607750404,8,0.5,True
89.96812374061423,0.17606286446304156,6.789035563049437,100.0,0.5331264967251501,0.9997631981594114,13552.809587840848,0.16363574252395244,5.739194048113649e-08,64,0.0027836560424579944,True,2000,0.0032,0.005,58022.590607750404,8,0.5,True
89.96812374061423,0.17606286446304156,10.0,100.0,0.5383646451405792,0.9999928872419884,125085.73452446528,0.151734753314148,5.349037213362448e-07,121,0.002946486078762514,True,2000,0.0032,0.005,58022.590607750404,8,0.5,True
109.85605433061183,0.2149824937976748,0.03,100.0,0.5985266852118202,0.05634965995893404,0.14608604255575836,0.002558679321189205,6.945180654774011e-13,10,0.0008704030528195661,True,2000,0.0032,0.005,58022.590607750404,8,0.5,True
109.85605433061183,0.2149824937976748,0.04418889799794311,100.0,0.5942637373532275,0.08085956218116108,0.21899966361843826,0.0029431013609824952,1.0337463334339335e-12,11,0.0005630803523982961,True,2000,0.0032,0.005,58022.590607750404,8,0.5,True
109.85605433061183,0.2149824937976748,0.06508862354242069,100.0,0.5884241164668468,0.11496184938714027,0.33209345125360923,0.003706939013364156,1.5521799884175622e-12,11,0.0026468566841820296,True,2000,0.0032,0.005,58022.590607750404,8,0.5,True
109.85605433061183,0.2149824937976748,0.09587315155141828,100.0,0.580553245341236,0.16158045752478012,0.5137225975882717,0.005379233283347988,2.368983476089372e-12,12,0.002555686519144543,True,2000,0.0032,0.005,58022.590607750404,8,0.5,True
109.85605433061183,0.2149824937976748,0.1412176304882321,100.0,0.5702048625009665,0.22392107920227078,0.8232429104597037,0.009286819041805623,3.728637991670176e-12,14,0.0008547600337061084,True,2000,0.0032,0.005,58022.590607750404,8,0.5,True
109.85605433061183,0.2149824937976748,0.20800838230519034,100.0,0.5571896694584713,0.3048581404787034,1.4057457804021818,0.01848654377932504,6.22158657566363e-12,15,0.0014589190454581784,True,2000,0.0032,0.005,58022.590607750404,8,0.5,True
109.85605433061183,0.2149824937976748,0.30638870628004045,100.0,0.5421253655432042,0.405576149423014,2.68452463636422,0.03853949052801565,1.156001576595685e-11,16,0.0027878566030126767,True,2000,0.0032,0.005,58022.590607750404,8,0.5,True
109.85605433061183,0.2149824937976748,0.4512993096510154,100.0,0.5271871558502195,0.5235577145758037,6.111599574959926,0.07429838704301088,2.559240013364087e-11,18,0.0025810395761375502,True,2000,0.0032,0.005,58022.590607750404,8,0.5,True
109.85605433061183,0.2149824937976748,0.6647473053570288,100.0,0.5156380977613912,0.6509014749205743,17.22798007704973,0.11965073138674669,7.056196442439032e-11,21,0.0016099778889014675,True,2000,0.0032,0.005,58022.590607750404,8,0.5,True
109.85605433061183,0.2149824937976748,0.9791483623609764,100.0,0.5090716754771983,0.7742912207929736,57.6493664588207,0.15703556928956136,2.3311207876630855e-10,23,0.0027886401865722605,True,2000,0.0032,0.005,58022.590607750404,8,0.5,True
109.85605433061183,0.2149824937976748,1.4422495703074076,100.0,0.5065178239930914,0.8776569475482219,205.60421261027614,0.1755306600066965,8.272143231666974e-10,27,0.002079961291118087,True,2000,0.0032,0.005,58022.590607750404,8,0.5,True
109.85605433061183,0.2149824937976748,2.124380638329711,100.0,0.5068601540965798,0.9483295495118652,694.5070531466693,0.17706049899316414,2.7961219988835116e-09,31,0.0023034898275090267,True,2000,0.0032,0.005,58022.590607750404,8,0.5,True
109.85605433061183,0.2149824937976748,3.1291346445318973,100.0,0.5106559126524126,0.9846729478227743,2054.91948587064,0.16867672501926295,8.335170340248e-09,36,0.0025430050054790596,True,2000,0.0032,0.005,58022.590607750404,8,0.5,True
109.85605433061183,0.2149824937976748,4.609100387635,100.0,0.5212218185753471,0.9972560806474011,5366.478940031962,0.15688767340274787,2.2217916028238696e-08,43,0.002740692045008938,True,2000,0.0032,0.005,58022.590607750404,8,0.5,True
109.85605433061183,0.2149824937976748,6.789035563049437,100.0,0.5433894103409875,0.9997631553125805,14718.242030874086,0.14571402810903109,6.352701004412932e-08,55,0.0029522181683250062,True,2000,0.0032,0.005,58022.590607750404,8,0.5,True
109.85605433061183,0.2149824937976748,10.0,100.0,0.5614425575186046,0.9999928853963492,76839.11033208964,0.13500292874191636,3.426722699814124e-07,91,0.002985543964287433,True,2000,0.0032,0.005,58022.590607750404,8,0.5,True
134.1403173849042,0.26250551347339374,0.03,100.0,0.6060355057892125,0.05634824969721419,0.18029892316616594,0.00539736346408566,8.679256159205572e-13,9,0.002126923872014518,True,2000,0.0032,0.005,58022.590607750404,8,0.5,True
134.1403173849042,0.26250551347339374,0.04418889799794311,100.0,0.5995709304794342,0.08085758399647891,0.2748467830234518,0.00635348589704151,1.308948413226161e-12,10,0.0011092044188795189,True,2000,0.0032,0.005,58022.590607750404,8,0.5,True
134.1403173849042,0.26250551347339374,0.06508862354242069,100.0,0.5908091269174203,0.11495911830412964,0.4276231195690174,0.008332376972780057,2.0067796005440605e-12,11,0.0007993455241499703,True,2000,0.0032,0.005,58022.590607750404,8,0.5,True
134.1403173849042,0.26250551347339374,0.09587315155141828,100.0,0.5792959284644243,0.16157675958489837,0.6882389974794655,0.012587083744750066,3.166875993414409e-12,12,0.0007670549698724385,True,2000,0.0032,0.005,58022.590607750404,8,0.5,True
134.1403173849042,0.26250551347339374,0.1412176304882321,100.0,0.564921425682036,0.2239161953679203,1.1717624960797193,0.02164265878694942,5.257980179195142e-12,13,0.0009325754439663263,True,2000,0.0032,0.005,58022.590607750404,8,0.5,True
134.1403173849042,0.26250551347339374,0.20800838230519034,100.0,0.548481240844444,0.3048519111635104,2.185780649831335,0.039517562173742436,9.522690290246961e-12,14,0.0013664323633050708,True,2000,0.0032,0.005,58022.590607750404,8,0.5,True
134.1403173849042,0.26250551347339374,0.30638870628004045,100.0,0.5322062261507197,0.4055685960189195,4.677727925387687,0.06955278769981346,1.977453197624919e-11,15,0.0023057119275131464,True,2000,0.0032,0.005,58022.590607750404,8,0.5,True
134.1403173849042,0.26250551347339374,0.4512993096510154,100.0,0.5191607316330822,0.5235491816943403,11.916440606622743,0.1083901940170135,4.9140513798325906e-11,17,0.0017988157777547038,True,2000,0.0032,0.005,58022.590607750404,8,0.5,True
134.1403173849042,0.26250551347339374,0.6647473053570288,100.0,0.5110689785584628,0.6508927026602798,35.811701074678446,0.1437725405887514,1.453770244859131e-10,19,0.001953495604072116,True,2000,0.0032,0.005,58022.590607750404,8,0.5,True
134.1403173849042,0.26250551347339374,0.9791483623609764,100.0,0.5072683316278864,0.7742832656469217,118.71066608610353,0.16471378779433535,4.783202823751547e-10,21,0.0027027500553221356,True,2000,0.0032,0.005,58022.590607750404,8,0.5,True
134.1403173849042,0.26250551347339374,1.4422495703074076,100.0,0.5063595082376209,0.8776508849816731,394.30886734475206,0.16966974073371727,1.5859402365302477e-09,24,0.002591566914963834,True,2000,0.0032,0.005,58022.590607750404,8,0.5,True
134.1403173849042,0.26250551347339374,2.124380638329711,100.0,0.5079131666496596,0.9483259429710295,1197.4329243550976,0.16339235963266485,4.830943641002756e-09,28,0.002145706088526494,True,2000,0.0032,0.005,58022.590607750404,8,0.5,True
134.1403173849042,0.26250551347339374,3.1291346445318973,100.0,0.5133445316417055,0.9846714374957485,3128.260832367208,0.15179166091503477,1.2755667841888031e-08,32,0.002611521126898062,True,2000,0.0032,0.005,58022.590607750404,8,0.5,True
134.1403173849042,0.26250551347339374,4.609100387635,100.0,0.5268378267984517,0.9972556968129725,7120.213598412503,0.1394708834628846,2.9796227139629865e-08,38,0.002746979713520467,True,2000,0.0032,0.005,58022.590607750404,8,0.5,True
134.1403173849042,0.26250551347339374,6.789035563049437,100.0,0.5539563514366901,0.9997631080099039,16313.89832821419,0.1289959007268376,7.178349542132014e-08,48,0.002886049470274718,True,2000,0.0032,0.005,58022.590607750404,8,0.5,True
134.1403173849042,0.26250551347339374,10.0,100.0,0.5832856252778875,0.9999928833585864,57600.748199680645,0.11972438648445188,2.668705820340905e-07,73,0.0029341586113071534,True,2000,0.0032,0.005,58022.590607750404,8,0.5,True
163.7927454955832,0.3205337485236462,0.03,100.0,0.6106063197876138,0.056346709555377905,0.2320942315457481,0.010269134362711244,1.125685173745454e-12,9,0.0006273629023672812,True,2000,0.0032,0.005,58022.590607750404,8,0.5,True
163.7927454955832,0.3205337485236462,0.04418889799794311,100.0,0.6011359136412623,0.08085542362544063,0.3624868994557787,0.012548109860378446,1.7308374950676384e-12,9,0.0024349102259674277,True,2000,0.0032,0.005,58022.590607750404,8,0.5,True
163.7927454955832,0.3205337485236462,0.06508862354242069,100.0,0.5886487884388287,0.114956135690233,0.5851882148217998,0.017155613933083687,2.736170335928163e-12,10,0.0014110012534446666,True,2000,0.0032,0.005,58022.590607750404,8,0.5,True
163.7927454955832,0.3205337485236462,0.09587315155141828,100.0,0.5730818958330948,0.16157272106008214,0.9951342925964348,0.026244467196688704,4.5299111708304555e-12,11,0.0010974144829328674,True,2000,0.0032,0.005,58022.590607750404,8,0.5,True
163.7927454955832,0.3205337485236462,0.1412176304882321,100.0,0.5553471225929384,0.22391086171358499,1.8311139354841826,0.0428039061374149,8.077392713408585e-12,12,0.0011004129932714935,True,2000,0.0032,0.005,58022.590607750404,8,0.5,True
163.7927454955832,0.3205337485236462,0.20800838230519034,100.0,0.5377250086305514,0.3048451080810205,3.7665443724601326,0.06888698265513242,1.608772477241457e-11,13,0.0013609349756820471,True,2000,0.0032,0.005,58022.590607750404,8,0.5,True
163.7927454955832,0.3205337485236462,0.30638870628004045,100.0,0.5231907608337979,0.4055603468480923,8.90652680093242,0.10196809163641256,3.701346554051101e-11,14,0.0019904511523794037,True,2000,0.0032,0.005,58022.590607750404,8,0.5,True
163.7927454955832,0.3205337485236462,0.4512993096510154,100.0,0.5135589339660935,0.5235398627608895,24.31879163174782,0.13357853850322784,9.920272108049009e-11,16,0.0012740777337702136,True,2000,0.0032,0.005,58022.590607750404,8,0.5,True
163.7927454955832,0.3205337485236462,0.6647473053570288,100.0,0.5084826541505298,0.6508831222114596,74.02596862570134,0.1546907816615485,2.9898647691862225e-10,17,0.002673191463317491,True,2000,0.0032,0.005,58022.590607750404,8,0.5,True
163.7927454955832,0.3205337485236462,0.9791483623609764,100.0,0.5065358679433632,0.7742745774889505,235.0041902488211,0.1620933907906822,9.455339211270702e-10,19,0.0028794715527372147,True,2000,0.0032,0.005,58022.590607750404,8,0.5,True
163.7927454955832,0.3205337485236462,1.4422495703074076,100.0,0.5067645986490583,0.8776442636792013,718.6936418892188,0.15821650383560507,2.8929529851490898e-09,22,0.002145006100842147,True,2000,0.0032,0.005,58022.590607750404,8,0.5,True
163.7927454955832,0.3205337485236462,2.124380638329711,100.0,0.5094095811347519,0.9483220039504788,1965.48645776043,0.14773268025538897,7.952953980010625e-09,25,0.002256040978132007,True,2000,0.0032,0.005,58022.590607750404,8,0.5,True
163.7927454955832,0.3205337485236462,3.1291346445318973,100.0,0.5165062952048196,0.9846697878784438,4592.870431363162,0.1349610926810614,1.884304639173525e-08,29,0.0021760561747284457,True,2000,0.0032,0.005,58022.590607750404,8,0.5,True
163.7927454955832,0.3205337485236462,4.609100387635,100.0,0.5328421153601771,0.9972552775587772,9287.617224400354,0.12311691877998727,3.930919557868868e-08,34,0.0024701455344760532,True,2000,0.0032,0.005,58022.590607750404,8,0.5,True
163.7927454955832,0.3205337485236462,6.789035563049437,100.0,0.5642017153866811,0.9997630563385101,18368.910657772205,0.1137021887845523,8.23207102082931e-08,42,0.0028130267820860757,True,2000,0.0032,0.005,58022.590607750404,8,0.5,True
163.7927454955832,0.3205337485236462,10.0,100.0,0.6023469129575153,0.9999928811323924,48873.7578335881,0.10583461480964768,2.3383726672019047e-07,60,0.002956696327988041,True,2000,0.0032,0.005,58022.590607750404,8,0.5,True
200.0,0.3913894324853229,0.03,100.0,0.6110388560530811,0.05634504077739533,0.3137359257529696,0.01801629933765438,1.5227351920203115e-12,8,0.001911676270785945,True,2000,0.0032,0.005,58022.590607750404,8,0.5,True
200.0,0.3913894324853229,0.04418889799794311,100.0,0.5978308882994868,0.08085308281220016,0.5070240930636155,0.02287460009163653,2.4076771519097262e-12,9,0.0007344462301254572,True,2000,0.0032,0.005,58022.590607750404,8,0.5,True
200.0,0.3913894324853229,0.06508862354242069,100.0,0.5813188194328088,0.11495290395212698,0.860438997796407,0.03192311255218012,3.973065941250661e-12,9,0.002784366564278711,True,2000,0.0032,0.005,58022.590607750404,8,0.5,True
200.0,0.3913894324853229,0.09587315155141828,100.0,0.5624596984355935,0.1615683452068336,1.5673600445290714,0.04745054803743233,7.002473687669293e-12,10,0.0017410023768446338,True,2000,0.0032,0.005,58022.590607750404,8,0.5,True
200.0,0.3913894324853229,0.1412176304882321,100.0,0.5435747069581132,0.2239050825362462,3.13889029756438,0.07063685234970767,1.3552726760292151e-11,11,0.0014211208216462431,True,2000,0.0032,0.005,58022.590607750404,8,0.5,True
200.0,0.3913894324853229,0.20800838230519034,100.0,0.5276272291934816,0.30483773670492786,7.043031772822834,0.09912787489558227,2.9517403501931256e-11,12,0.001459445576365402,True,2000,0.0032,0.005,58022.590607750404,8,0.5,True
200.0,0.3913894324853229,0.30638870628004045,100.0,0.5165238265758861,0.405551408535308,17.795654970533153,0.1265867034628148,7.301223468979316e-11,13,0.0018160303656618421,True,2000,0.0032,0.005,58022.590607750404,8,0.5,True
200.0,0.3913894324853229,0.4512993096510154,100.0,0.5101559717162987,0.5235297652402433,49.806577738871844,0.1461863997487987,2.01827797624579e-10,14,0.002630233821573522,True,2000,0.0032,0.005,58022.590607750404,8,0.5,True
200.0,0.3913894324853229,0.6647473053570288,100.0,0.5071993273404432,0.6508727412225208,148.36557248337618,0.1546147844166657,5.977273251269577e-10,16,0.0017594388651175324,True,2000,0.0032,0.005,58022.590607750404,8,0.5,True
200.0,0.3913894324853229,0.9791483623609764,100.0,0.50646769621246,0.7742651632233774,443.19441813722204,0.15278289084369084,1.7829424970005509e-09,18,0.0016269686929021039,True,2000,0.0032,0.005,58022.590607750404,8,0.5,True
200.0,0.3913894324853229,1.4422495703074076,100.0,0.507576280983063,0.8776370888684405,1242.8717327689703,0.14392709760805683,5.010936907345201e-09,20,0.0019371643570798222,True,2000,0.0032,0.005,58022.590607750404,8,0.5,True
200.0,0.3913894324853229,2.124380638329711,100.0,0.5112707827243942,0.9483177355311486,3080.003146390127,0.13168419286508418,1.2508160338899434e-08,22,0.0027760971000398717,True,2000,0.0032,0.005,58022.590607750404,8,0.5,True
200.0,0.3913894324853229,3.1291346445318973,100.0,0.5200255195799637,0.9846680002439576,6518.659595871021,0.1190166960362812,2.692615018885974e-08,26,0.0020184501889838045,True,2000,0.0032,0.005,58022.590607750404,8,0.5,True
200.0,0.3913894324853229,4.609100387635,100.0,0.5389547222398559,0.9972548232021088,11917.756535688108,0.10817536113640265,5.101972284868975e-08,30,0.002514498451123347,True,2000,0.0032,0.005,58022.590607750404,8,0.5,True
200.0,0.3913894324853229,6.789035563049437,100.0,0.573475480886194,0.99976300033638,20957.04312423572,0.09990985666578696,9.546323904508549e-08,37,0.0026402581061305413,True,2000,0.0032,0.005,58022.590607750404,8,0.5,True
200.0,0.3913894324853229,10.0,100.0,0.6174095784730294,0.9999928787193334,45313.1173741434,0.09328585781744765,2.2222279640671633e-07,51,0.0027260945661900485,True,2000,0.0032,0.005,58022.590607750404,8,0.5,True
