slab_tau,slab_injection_model,electron_kTe_mec2,max_scatters,source_run_tag,events_completed,scattered_events,scatter_fraction,escaped_up_total_fraction,escaped_down_total_fraction,escaped_up_scattered,escaped_down_scattered,mean_scatter_count,mean_scattered_energy_mec2,mean_photon_energy_ratio_erf,mean_energy_amplification,downward_scattered_escape_fraction,mean_up_scattered_energy_mec2,mean_down_scattered_energy_mec2,up_scattered_hard_fraction_gt_2x_incident,down_scattered_hard_fraction_gt_2x_incident,mean_mu_up_scattered,mean_mu_down_scattered,mu_up_down_asymmetry,bookkeeping_consistent,energy_hist_overflow_fraction,energy_hist_overflow_acceptable,incident_photon_energy_mec2,events_requested,seed
1.0000e-02,lambert,1.0000e-01,256,lambert_tau_000_mode_production_slab_thermal_case_gm_slab_em_thermal_pe_1_0000e_05_ge_1_0000e_01_kte_1_0000e_01_sh_1_0000e_00_st_1_0000e_02_si_lambert_ms_256_tc_thermal_kn_seed_2028141201_eb_256_mb_180,50000,970,1.9400e-02,9.9004e-01,9.9600e-03,472,498,1.9860e-02,1.4834e-05,9.9999e-01,1.4834e+00,9.9600e-03,1.2979e-05,1.6592e-05,9.9576e-02,2.7108e-01,3.2233e-01,-3.2481e-01,6.4714e-01,true,0.0000e+00,true,1e-05,50000,2028141201
1.0723e-02,lambert,1.0000e-01,256,lambert_tau_001_mode_production_slab_thermal_case_gm_slab_em_thermal_pe_1_0000e_05_ge_1_0000e_01_kte_1_0000e_01_sh_1_0000e_00_st_1_0723e_02_si_lambert_ms_256_tc_thermal_kn_seed_2028141202_eb_256_mb_180,50000,1035,2.0700e-02,9.8912e-01,1.0880e-02,491,544,2.1440e-02,1.5393e-05,9.9999e-01,1.5393e+00,1.0880e-02,1.4227e-05,1.6446e-05,1.3238e-01,2.4816e-01,2.4186e-01,-3.2256e-01,5.6443e-01,true,0.0000e+00,true,1e-05,50000,2028141202
1.1498e-02,lambert,1.0000e-01,256,lambert_tau_002_mode_production_slab_thermal_case_gm_slab_em_thermal_pe_1_0000e_05_ge_1_0000e_01_kte_1_0000e_01_sh_1_0000e_00_st_1_1498e_02_si_lambert_ms_256_tc_thermal_kn_seed_2028141203_eb_256_mb_180,50000,1134,2.2680e-02,9.8814e-01,1.1860e-02,541,593,2.3480e-02,1.5594e-05,9.9999e-01,1.5594e+00,1.1860e-02,1.3825e-05,1.7209e-05,1.2939e-01,2.6644e-01,2.4491e-01,-3.1892e-01,5.6383e-01,true,0.0000e+00,true,1e-05,50000,2028141203
1.2328e-02,lambert,1.0000e-01,256,lambert_tau_003_mode_production_slab_thermal_case_gm_slab_em_thermal_pe_1_0000e_05_ge_1_0000e_01_kte_1_0000e_01_sh_1_0000e_00_st_1_2328e_02_si_lambert_ms_256_tc_thermal_kn_seed_2028141204_eb_256_mb_180,50000,1194,2.3880e-02,9.8780e-01,1.2200e-02,584,610,2.4880e-02,1.5619e-05,9.9999e-01,1.5619e+00,1.2200e-02,1.4128e-05,1.7046e-05,1.4041e-01,2.6721e-01,2.3363e-01,-3.0901e-01,5.4264e-01,true,0.0000e+00,true,1e-05,50000,2028141204
1.3219e-02,lambert,1.0000e-01,256,lambert_tau_004_mode_production_slab_thermal_case_gm_slab_em_thermal_pe_1_0000e_05_ge_1_0000e_01_kte_1_0000e_01_sh_1_0000e_00_st_1_3219e_02_si_lambert_ms_256_tc_thermal_kn_seed_2028141205_eb_256_mb_180,50000,1290,2.5800e-02,9.8720e-01,1.2800e-02,650,640,2.6800e-02,1.5300e-05,9.9999e-01,1.5300e+00,1.2800e-02,1.3717e-05,1.6907e-05,1.3692e-01,2.4688e-01,2.6385e-01,-3.2162e-01,5.8547e-01,true,0.0000e+00,true,1e-05,50000,2028141205
1.4175e-02,lambert,1.0000e-01,256,lambert_tau_005_mode_production_slab_thermal_case_gm_slab_em_thermal_pe_1_0000e_05_ge_1_0000e_01_kte_1_0000e_01_sh_1_0000e_00_st_1_4175e_02_si_lambert_ms_256_tc_thermal_kn_seed_2028141206_eb_256_mb_180,50000,1370,2.7400e-02,9.8564e-01,1.4360e-02,652,718,2.8340e-02,1.5367e-05,9.9999e-01,1.5367e+00,1.4360e-02,1.3981e-05,1.6626e-05,1.3344e-01,2.6462e-01,2.7743e-01,-2.9497e-01,5.7240e-01,true,0.0000e+00,true,1e-05,50000,2028141206
1.5199e-02,lambert,1.0000e-01,256,lambert_tau_006_mode_production_slab_thermal_case_gm_slab_em_thermal_pe_1_0000e_05_ge_1_0000e_01_kte_1_0000e_01_sh_1_0000e_00_st_1_5199e_02_si_lambert_ms_256_tc_thermal_kn_seed_2028141207_eb_256_mb_180,50000,1465,2.9300e-02,9.8496e-01,1.5040e-02,713,752,3.0600e-02,1.5305e-05,9.9999e-01,1.5305e+00,1.5040e-02,1.3893e-05,1.6643e-05,1.1781e-01,2.3803e-01,2.2581e-01,-2.8405e-01,5.0986e-01,true,0.0000e+00,true,1e-05,50000,2028141207
1.6298e-02,lambert,1.0000e-01,256,lambert_tau_007_mode_production_slab_thermal_case_gm_slab_em_thermal_pe_1_0000e_05_ge_1_0000e_01_kte_1_0000e_01_sh_1_0000e_00_st_1_6298e_02_si_lambert_ms_256_tc_thermal_kn_seed_2028141208_eb_256_mb_180,50000,1595,3.1900e-02,9.8408e-01,1.5920e-02,799,796,3.3200e-02,1.4885e-05,9.9999e-01,1.4885e+00,1.5920e-02,1.3415e-05,1.6361e-05,1.2140e-01,2.4623e-01,2.5079e-01,-3.0774e-01,5.5854e-01,true,0.0000e+00,true,1e-05,50000,2028141208
1.7475e-02,lambert,1.0000e-01,256,lambert_tau_008_mode_production_slab_thermal_case_gm_slab_em_thermal_pe_1_0000e_05_ge_1_0000e_01_kte_1_0000e_01_sh_1_0000e_00_st_1_7475e_02_si_lambert_ms_256_tc_thermal_kn_seed_2028141209_eb_256_mb_180,50000,1655,3.3100e-02,9.8304e-01,1.6960e-02,807,848,3.4480e-02,1.5291e-05,9.9999e-01,1.5291e+00,1.6960e-02,1.3741e-05,1.6767e-05,1.1772e-01,2.6887e-01,2.5775e-01,-3.1254e-01,5.7029e-01,true,0.0000e+00,true,1e-05,50000,2028141209
1.8738e-02,lambert,1.0000e-01,256,lambert_tau_009_mode_production_slab_thermal_case_gm_slab_em_thermal_pe_1_0000e_05_ge_1_0000e_01_kte_1_0000e_01_sh_1_0000e_00_st_1_8738e_02_si_lambert_ms_256_tc_thermal_kn_seed_2028141210_eb_256_mb_180,50000,1789,3.5780e-02,9.8190e-01,1.8100e-02,884,905,3.7720e-02,1.5287e-05,9.9999e-01,1.5287e+00,1.8100e-02,1.3800e-05,1.6740e-05,1.2896e-01,2.4751e-01,2.4591e-01,-2.8959e-01,5.3550e-01,true,0.0000e+00,true,1e-05,50000,2028141210
2.0092e-02,lambert,1.0000e-01,256,lambert_tau_010_mode_production_slab_thermal_case_gm_slab_em_thermal_pe_1_0000e_05_ge_1_0000e_01_kte_1_0000e_01_sh_1_0000e_00_st_2_0092e_02_si_lambert_ms_256_tc_thermal_kn_seed_2028141211_eb_256_mb_180,50000,1872,3.7440e-02,9.8004e-01,1.9960e-02,874,998,3.9260e-02,1.6081e-05,9.9999e-01,1.6081e+00,1.9960e-02,1.4350e-05,1.7597e-05,1.4760e-01,2.8657e-01,2.5064e-01,-3.1144e-01,5.6208e-01,true,0.0000e+00,true,1e-05,50000,2028141211
2.1544e-02,lambert,1.0000e-01,256,lambert_tau_011_mode_production_slab_thermal_case_gm_slab_em_thermal_pe_1_0000e_05_ge_1_0000e_01_kte_1_0000e_01_sh_1_0000e_00_st_2_1544e_02_si_lambert_ms_256_tc_thermal_kn_seed_2028141212_eb_256_mb_180,50000,1956,3.9120e-02,9.7950e-01,2.0500e-02,931,1025,4.1480e-02,1.5671e-05,9.9999e-01,1.5671e+00,2.0500e-02,1.3714e-05,1.7449e-05,1.2245e-01,2.8098e-01,2.5779e-01,-3.2365e-01,5.8144e-01,true,0.0000e+00,true,1e-05,50000,2028141212
2.3101e-02,lambert,1.0000e-01,256,lambert_tau_012_mode_production_slab_thermal_case_gm_slab_em_thermal_pe_1_0000e_05_ge_1_0000e_01_kte_1_0000e_01_sh_1_0000e_00_st_2_3101e_02_si_lambert_ms_256_tc_thermal_kn_seed_2028141213_eb_256_mb_180,50000,2254,4.5080e-02,9.7672e-01,2.3280e-02,1090,1164,4.7460e-02,1.5679e-05,9.9999e-01,1.5679e+00,2.3280e-02,1.4208e-05,1.7056e-05,1.4312e-01,2.6203e-01,2.5429e-01,-3.2531e-01,5.7960e-01,true,0.0000e+00,true,1e-05,50000,2028141213
2.4771e-02,lambert,1.0000e-01,256,lambert_tau_013_mode_production_slab_thermal_case_gm_slab_em_thermal_pe_1_0000e_05_ge_1_0000e_01_kte_1_0000e_01_sh_1_0000e_00_st_2_4771e_02_si_lambert_ms_256_tc_thermal_kn_seed_2028141214_eb_256_mb_180,50000,2406,4.8120e-02,9.7518e-01,2.4820e-02,1165,1241,5.1240e-02,1.5801e-05,9.9999e-01,1.5801e+00,2.4820e-02,1.4314e-05,1.7197e-05,1.4592e-01,2.7961e-01,2.7004e-01,-3.3260e-01,6.0264e-01,true,0.0000e+00,true,1e-05,50000,2028141214
2.6561e-02,lambert,1.0000e-01,256,lambert_tau_014_mode_production_slab_thermal_case_gm_slab_em_thermal_pe_1_0000e_05_ge_1_0000e_01_kte_1_0000e_01_sh_1_0000e_00_st_2_6561e_02_si_lambert_ms_256_tc_thermal_kn_seed_2028141215_eb_256_mb_180,50000,2549,5.0980e-02,9.7372e-01,2.6280e-02,1235,1314,5.4080e-02,1.6160e-05,9.9999e-01,1.6160e+00,2.6280e-02,1.5200e-05,1.7061e-05,1.6437e-01,2.6941e-01,2.3041e-01,-3.2034e-01,5.5075e-01,true,0.0000e+00,true,1e-05,50000,2028141215
2.8480e-02,lambert,1.0000e-01,256,lambert_tau_015_mode_production_slab_thermal_case_gm_slab_em_thermal_pe_1_0000e_05_ge_1_0000e_01_kte_1_0000e_01_sh_1_0000e_00_st_2_8480e_02_si_lambert_ms_256_tc_thermal_kn_seed_2028141216_eb_256_mb_180,50000,2711,5.4220e-02,9.7198e-01,2.8020e-02,1310,1401,5.7620e-02,1.5722e-05,9.9999e-01,1.5722e+00,2.8020e-02,1.3696e-05,1.7616e-05,1.1908e-01,2.8408e-01,2.5688e-01,-3.2523e-01,5.8211e-01,true,0.0000e+00,true,1e-05,50000,2028141216
3.0539e-02,lambert,1.0000e-01,256,lambert_tau_016_mode_production_slab_thermal_case_gm_slab_em_thermal_pe_1_0000e_05_ge_1_0000e_01_kte_1_0000e_01_sh_1_0000e_00_st_3_0539e_02_si_lambert_ms_256_tc_thermal_kn_seed_2028141217_eb_256_mb_180,50000,2902,5.8040e-02,9.7124e-01,2.8760e-02,1464,1438,6.2500e-02,1.5471e-05,9.9999e-01,1.5471e+00,2.8760e-02,1.4019e-05,1.6949e-05,1.3661e-01,2.6217e-01,2.6041e-01,-3.1290e-01,5.7330e-01,true,0.0000e+00,true,1e-05,50000,2028141217
3.2745e-02,lambert,1.0000e-01,256,lambert_tau_017_mode_production_slab_thermal_case_gm_slab_em_thermal_pe_1_0000e_05_ge_1_0000e_01_kte_1_0000e_01_sh_1_0000e_00_st_3_2745e_02_si_lambert_ms_256_tc_thermal_kn_seed_2028141218_eb_256_mb_180,50000,3096,6.1920e-02,9.6894e-01,3.1060e-02,1543,1553,6.6720e-02,1.5476e-05,9.9999e-01,1.5476e+00,3.1060e-02,1.4006e-05,1.6937e-05,1.4193e-01,2.6207e-01,2.9385e-01,-3.1492e-01,6.0877e-01,true,0.0000e+00,true,1e-05,50000,2028141218
3.5112e-02,lambert,1.0000e-01,256,lambert_tau_018_mode_production_slab_thermal_case_gm_slab_em_thermal_pe_1_0000e_05_ge_1_0000e_01_kte_1_0000e_01_sh_1_0000e_00_st_3_5112e_02_si_lambert_ms_256_tc_thermal_kn_seed_2028141219_eb_256_mb_180,50000,3279,6.5580e-02,9.6566e-01,3.4340e-02,1562,1717,7.1020e-02,1.5995e-05,9.9999e-01,1.5995e+00,3.4340e-02,1.4562e-05,1.7298e-05,1.4789e-01,2.7082e-01,2.3929e-01,-3.1028e-01,5.4957e-01,true,0.0000e+00,true,1e-05,50000,2028141219
3.7649e-02,lambert,1.0000e-01,256,lambert_tau_019_mode_production_slab_thermal_case_gm_slab_em_thermal_pe_1_0000e_05_ge_1_0000e_01_kte_1_0000e_01_sh_1_0000e_00_st_3_7649e_02_si_lambert_ms_256_tc_thermal_kn_seed_2028141220_eb_256_mb_180,50000,3518,7.0360e-02,9.6408e-01,3.5920e-02,1722,1796,7.6400e-02,1.5711e-05,9.9999e-01,1.5711e+00,3.5920e-02,1.4715e-05,1.6666e-05,1.5273e-01,2.5223e-01,2.4693e-01,-3.0154e-01,5.4848e-01,true,0.0000e+00,true,1e-05,50000,2028141220
4.0370e-02,lambert,1.0000e-01,256,lambert_tau_020_mode_production_slab_thermal_case_gm_slab_em_thermal_pe_1_0000e_05_ge_1_0000e_01_kte_1_0000e_01_sh_1_0000e_00_st_4_0370e_02_si_lambert_ms_256_tc_thermal_kn_seed_2028141221_eb_256_mb_180,50000,3709,7.4180e-02,9.6142e-01,3.8580e-02,1780,1929,8.1060e-02,1.5978e-05,9.9999e-01,1.5978e+00,3.8580e-02,1.4434e-05,1.7403e-05,1.4607e-01,2.7475e-01,2.4012e-01,-3.1590e-01,5.5602e-01,true,0.0000e+00,true,1e-05,50000,2028141221
4.3288e-02,lambert,1.0000e-01,256,lambert_tau_021_mode_production_slab_thermal_case_gm_slab_em_thermal_pe_1_0000e_05_ge_1_0000e_01_kte_1_0000e_01_sh_1_0000e_00_st_4_3288e_02_si_lambert_ms_256_tc_thermal_kn_seed_2028141222_eb_256_mb_180,50000,3848,7.6960e-02,9.6124e-01,3.8760e-02,1910,1938,8.4840e-02,1.6045e-05,9.9999e-01,1.6045e+00,3.8760e-02,1.4599e-05,1.7471e-05,1.5079e-01,2.6987e-01,2.3245e-01,-3.2249e-01,5.5494e-01,true,0.0000e+00,true,1e-05,50000,2028141222
4.6416e-02,lambert,1.0000e-01,256,lambert_tau_022_mode_production_slab_thermal_case_gm_slab_em_thermal_pe_1_0000e_05_ge_1_0000e_01_kte_1_0000e_01_sh_1_0000e_00_st_4_6416e_02_si_lambert_ms_256_tc_thermal_kn_seed_2028141223_eb_256_mb_180,50000,4192,8.3840e-02,9.5660e-01,4.3400e-02,2022,2170,9.1820e-02,1.5884e-05,9.9999e-01,1.5884e+00,4.3400e-02,1.4316e-05,1.7346e-05,1.4243e-01,2.7650e-01,2.6235e-01,-3.2897e-01,5.9131e-01,true,0.0000e+00,true,1e-05,50000,2028141223
4.9770e-02,lambert,1.0000e-01,256,lambert_tau_023_mode_production_slab_thermal_case_gm_slab_em_thermal_pe_1_0000e_05_ge_1_0000e_01_kte_1_0000e_01_sh_1_0000e_00_st_4_9770e_02_si_lambert_ms_256_tc_thermal_kn_seed_2028141224_eb_256_mb_180,50000,4494,8.9880e-02,9.5242e-01,4.7580e-02,2115,2379,9.9700e-02,1.5921e-05,9.9999e-01,1.5921e+00,4.7580e-02,1.4293e-05,1.7368e-05,1.4326e-01,2.7070e-01,2.6306e-01,-3.1933e-01,5.8239e-01,true,0.0000e+00,true,1e-05,50000,2028141224
5.3367e-02,lambert,1.0000e-01,256,lambert_tau_024_mode_production_slab_thermal_case_gm_slab_em_thermal_pe_1_0000e_05_ge_1_0000e_01_kte_1_0000e_01_sh_1_0000e_00_st_5_3367e_02_si_lambert_ms_256_tc_thermal_kn_seed_2028141225_eb_256_mb_180,50000,4870,9.7400e-02,9.4978e-01,5.0220e-02,2359,2511,1.0788e-01,1.5989e-05,9.9999e-01,1.5989e+00,5.0220e-02,1.4337e-05,1.7542e-05,1.4667e-01,2.8674e-01,2.4442e-01,-2.9988e-01,5.4430e-01,true,0.0000e+00,true,1e-05,50000,2028141225
5.7224e-02,lambert,1.0000e-01,256,lambert_tau_025_mode_production_slab_thermal_case_gm_slab_em_thermal_pe_1_0000e_05_ge_1_0000e_01_kte_1_0000e_01_sh_1_0000e_00_st_5_7224e_02_si_lambert_ms_256_tc_thermal_kn_seed_2028141226_eb_256_mb_180,50000,5095,1.0190e-01,9.4794e-01,5.2060e-02,2492,2603,1.1412e-01,1.5869e-05,9.9999e-01,1.5869e+00,5.2060e-02,1.4315e-05,1.7357e-05,1.4446e-01,2.7814e-01,2.6428e-01,-3.1791e-01,5.8219e-01,true,0.0000e+00,true,1e-05,50000,2028141226
6.1359e-02,lambert,1.0000e-01,256,lambert_tau_026_mode_production_slab_thermal_case_gm_slab_em_thermal_pe_1_0000e_05_ge_1_0000e_01_kte_1_0000e_01_sh_1_0000e_00_st_6_1359e_02_si_lambert_ms_256_tc_thermal_kn_seed_2028141227_eb_256_mb_180,50000,5370,1.0740e-01,9.4416e-01,5.5840e-02,2578,2792,1.2126e-01,1.6065e-05,9.9999e-01,1.6065e+00,5.5840e-02,1.4552e-05,1.7461e-05,1.3732e-01,2.6110e-01,2.5032e-01,-3.1167e-01,5.6199e-01,true,0.0000e+00,true,1e-05,50000,2028141227
6.5793e-02,lambert,1.0000e-01,256,lambert_tau_027_mode_production_slab_thermal_case_gm_slab_em_thermal_pe_1_0000e_05_ge_1_0000e_01_kte_1_0000e_01_sh_1_0000e_00_st_6_5793e_02_si_lambert_ms_256_tc_thermal_kn_seed_2028141228_eb_256_mb_180,50000,5790,1.1580e-01,9.3926e-01,6.0740e-02,2753,3037,1.3162e-01,1.6206e-05,9.9999e-01,1.6206e+00,6.0740e-02,1.4805e-05,1.7476e-05,1.5074e-01,2.7527e-01,2.4905e-01,-3.1570e-01,5.6475e-01,true,0.0000e+00,true,1e-05,50000,2028141228
7.0548e-02,lambert,1.0000e-01,256,lambert_tau_028_mode_production_slab_thermal_case_gm_slab_em_thermal_pe_1_0000e_05_ge_1_0000e_01_kte_1_0000e_01_sh_1_0000e_00_st_7_0548e_02_si_lambert_ms_256_tc_thermal_kn_seed_2028141229_eb_256_mb_180,50000,6157,1.2314e-01,9.3518e-01,6.4820e-02,2916,3241,1.4112e-01,1.6491e-05,9.9999e-01,1.6491e+00,6.4820e-02,1.5096e-05,1.7747e-05,1.5021e-01,2.8479e-01,2.4074e-01,-3.1131e-01,5.5205e-01,true,0.0000e+00,true,1e-05,50000,2028141229
7.5646e-02,lambert,1.0000e-01,256,lambert_tau_029_mode_production_slab_thermal_case_gm_slab_em_thermal_pe_1_0000e_05_ge_1_0000e_01_kte_1_0000e_01_sh_1_0000e_00_st_7_5646e_02_si_lambert_ms_256_tc_thermal_kn_seed_2028141230_eb_256_mb_180,50000,6635,1.3270e-01,9.3114e-01,6.8860e-02,3192,3443,1.5238e-01,1.6367e-05,9.9999e-01,1.6367e+00,6.8860e-02,1.4860e-05,1.7764e-05,1.4975e-01,2.8493e-01,2.5978e-01,-3.1920e-01,5.7898e-01,true,0.0000e+00,true,1e-05,50000,2028141230
8.1113e-02,lambert,1.0000e-01,256,lambert_tau_030_mode_production_slab_thermal_case_gm_slab_em_thermal_pe_1_0000e_05_ge_1_0000e_01_kte_1_0000e_01_sh_1_0000e_00_st_8_1113e_02_si_lambert_ms_256_tc_thermal_kn_seed_2028141231_eb_256_mb_180,50000,7020,1.4040e-01,9.2776e-01,7.2240e-02,3408,3612,1.6330e-01,1.6306e-05,9.9999e-01,1.6306e+00,7.2240e-02,1.4832e-05,1.7696e-05,1.6080e-01,2.8018e-01,2.4838e-01,-3.2480e-01,5.7318e-01,true,0.0000e+00,true,1e-05,50000,2028141231
8.6975e-02,lambert,1.0000e-01,256,lambert_tau_031_mode_production_slab_thermal_case_gm_slab_em_thermal_pe_1_0000e_05_ge_1_0000e_01_kte_1_0000e_01_sh_1_0000e_00_st_8_6975e_02_si_lambert_ms_256_tc_thermal_kn_seed_2028141232_eb_256_mb_180,50000,7249,1.4498e-01,9.2580e-01,7.4200e-02,3539,3710,1.7054e-01,1.6591e-05,9.9999e-01,1.6591e+00,7.4200e-02,1.5171e-05,1.7946e-05,1.7152e-01,2.9730e-01,2.4545e-01,-3.0744e-01,5.5290e-01,true,0.0000e+00,true,1e-05,50000,2028141232
9.3260e-02,lambert,1.0000e-01,256,lambert_tau_032_mode_production_slab_thermal_case_gm_slab_em_thermal_pe_1_0000e_05_ge_1_0000e_01_kte_1_0000e_01_sh_1_0000e_00_st_9_3260e_02_si_lambert_ms_256_tc_thermal_kn_seed_2028141233_eb_256_mb_180,50000,7892,1.5784e-01,9.1852e-01,8.1480e-02,3818,4074,1.8920e-01,1.6769e-05,9.9999e-01,1.6769e+00,8.1480e-02,1.5515e-05,1.7945e-05,1.6579e-01,2.8743e-01,2.3134e-01,-3.0893e-01,5.4027e-01,true,0.0000e+00,true,1e-05,50000,2028141233
1.0000e-01,lambert,1.0000e-01,256,lambert_tau_033_mode_production_slab_thermal_case_gm_slab_em_thermal_pe_1_0000e_05_ge_1_0000e_01_kte_1_0000e_01_sh_1_0000e_00_st_1_0000e_01_si_lambert_ms_256_tc_thermal_kn_seed_2028141234_eb_256_mb_180,50000,8363,1.6726e-01,9.1240e-01,8.7600e-02,3983,4380,1.9970e-01,1.6630e-05,9.9999e-01,1.6630e+00,8.7600e-02,1.5194e-05,1.7936e-05,1.6344e-01,2.9247e-01,2.5779e-01,-3.0824e-01,5.6603e-01,true,0.0000e+00,true,1e-05,50000,2028141234
1.0723e-01,lambert,1.0000e-01,256,lambert_tau_034_mode_production_slab_thermal_case_gm_slab_em_thermal_pe_1_0000e_05_ge_1_0000e_01_kte_1_0000e_01_sh_1_0000e_00_st_1_0723e_01_si_lambert_ms_256_tc_thermal_kn_seed_2028141235_eb_256_mb_180,50000,8852,1.7704e-01,9.0762e-01,9.2380e-02,4233,4619,2.1400e-01,1.6806e-05,9.9999e-01,1.6806e+00,9.2380e-02,1.5197e-05,1.8280e-05,1.6277e-01,2.9119e-01,2.6205e-01,-3.0800e-01,5.7006e-01,true,0.0000e+00,true,1e-05,50000,2028141235
1.1498e-01,lambert,1.0000e-01,256,lambert_tau_035_mode_production_slab_thermal_case_gm_slab_em_thermal_pe_1_0000e_05_ge_1_0000e_01_kte_1_0000e_01_sh_1_0000e_00_st_1_1498e_01_si_lambert_ms_256_tc_thermal_kn_seed_2028141236_eb_256_mb_180,50000,9362,1.8724e-01,9.0178e-01,9.8220e-02,4451,4911,2.2776e-01,1.6877e-05,9.9999e-01,1.6877e+00,9.8220e-02,1.5560e-05,1.8070e-05,1.7277e-01,2.8731e-01,2.4794e-01,-3.0769e-01,5.5563e-01,true,0.0000e+00,true,1e-05,50000,2028141236
1.2328e-01,lambert,1.0000e-01,256,lambert_tau_036_mode_production_slab_thermal_case_gm_slab_em_thermal_pe_1_0000e_05_ge_1_0000e_01_kte_1_0000e_01_sh_1_0000e_00_st_1_2328e_01_si_lambert_ms_256_tc_thermal_kn_seed_2028141237_eb_256_mb_180,50000,10116,2.0232e-01,8.9450e-01,1.0550e-01,4841,5275,2.4900e-01,1.6924e-05,9.9999e-01,1.6924e+00,1.0550e-01,1.5035e-05,1.8658e-05,1.5493e-01,3.0408e-01,2.5785e-01,-3.1312e-01,5.7097e-01,true,0.0000e+00,true,1e-05,50000,2028141237
1.3219e-01,lambert,1.0000e-01,256,lambert_tau_037_mode_production_slab_thermal_case_gm_slab_em_thermal_pe_1_0000e_05_ge_1_0000e_01_kte_1_0000e_01_sh_1_0000e_00_st_1_3219e_01_si_lambert_ms_256_tc_thermal_kn_seed_2028141238_eb_256_mb_180,50000,10504,2.1008e-01,8.9088e-01,1.0912e-01,5048,5456,2.5936e-01,1.7092e-05,9.9999e-01,1.7092e+00,1.0912e-01,1.5463e-05,1.8599e-05,1.7116e-01,3.0334e-01,2.5051e-01,-3.0879e-01,5.5930e-01,true,0.0000e+00,true,1e-05,50000,2028141238
1.4175e-01,lambert,1.0000e-01,256,lambert_tau_038_mode_production_slab_thermal_case_gm_slab_em_thermal_pe_1_0000e_05_ge_1_0000e_01_kte_1_0000e_01_sh_1_0000e_00_st_1_4175e_01_si_lambert_ms_256_tc_thermal_kn_seed_2028141239_eb_256_mb_180,50000,11232,2.2464e-01,8.8232e-01,1.1768e-01,5348,5884,2.8496e-01,1.7607e-05,9.9999e-01,1.7607e+00,1.1768e-01,1.6399e-05,1.8705e-05,1.8942e-01,3.0387e-01,2.3569e-01,-3.0981e-01,5.4550e-01,true,0.0000e+00,true,1e-05,50000,2028141239
1.5199e-01,lambert,1.0000e-01,256,lambert_tau_039_mode_production_slab_thermal_case_gm_slab_em_thermal_pe_1_0000e_05_ge_1_0000e_01_kte_1_0000e_01_sh_1_0000e_00_st_1_5199e_01_si_lambert_ms_256_tc_thermal_kn_seed_2028141240_eb_256_mb_180,50000,11853,2.3706e-01,8.7728e-01,1.2272e-01,5717,6136,3.0400e-01,1.7504e-05,9.9999e-01,1.7504e+00,1.2272e-01,1.6060e-05,1.8849e-05,1.7754e-01,2.9873e-01,2.4476e-01,-2.9975e-01,5.4451e-01,true,0.0000e+00,true,1e-05,50000,2028141240
1.6298e-01,lambert,1.0000e-01,256,lambert_tau_040_mode_production_slab_thermal_case_gm_slab_em_thermal_pe_1_0000e_05_ge_1_0000e_01_kte_1_0000e_01_sh_1_0000e_00_st_1_6298e_01_si_lambert_ms_256_tc_thermal_kn_seed_2028141241_eb_256_mb_180,50000,12581,2.5162e-01,8.6932e-01,1.3068e-01,6047,6534,3.2822e-01,1.7720e-05,9.9999e-01,1.7720e+00,1.3068e-01,1.6433e-05,1.8911e-05,1.8158e-01,3.0303e-01,2.4024e-01,-2.8811e-01,5.2835e-01,true,0.0000e+00,true,1e-05,50000,2028141241
1.7475e-01,lambert,1.0000e-01,256,lambert_tau_041_mode_production_slab_thermal_case_gm_slab_em_thermal_pe_1_0000e_05_ge_1_0000e_01_kte_1_0000e_01_sh_1_0000e_00_st_1_7475e_01_si_lambert_ms_256_tc_thermal_kn_seed_2028141242_eb_256_mb_180,50000,13309,2.6618e-01,8.6046e-01,1.3954e-01,6332,6977,3.4958e-01,1.7935e-05,9.9998e-01,1.7935e+00,1.3954e-01,1.6847e-05,1.8922e-05,1.8462e-01,2.9927e-01,2.3411e-01,-2.9425e-01,5.2836e-01,true,0.0000e+00,true,1e-05,50000,2028141242
1.8738e-01,lambert,1.0000e-01,256,lambert_tau_042_mode_production_slab_thermal_case_gm_slab_em_thermal_pe_1_0000e_05_ge_1_0000e_01_kte_1_0000e_01_sh_1_0000e_00_st_1_8738e_01_si_lambert_ms_256_tc_thermal_kn_seed_2028141243_eb_256_mb_180,50000,14018,2.8036e-01,8.5114e-01,1.4886e-01,6575,7443,3.7320e-01,1.8359e-05,9.9998e-01,1.8359e+00,1.4886e-01,1.7183e-05,1.9398e-05,1.9346e-01,3.1735e-01,2.4346e-01,-3.0721e-01,5.5067e-01,true,0.0000e+00,true,1e-05,50000,2028141243
2.0092e-01,lambert,1.0000e-01,256,lambert_tau_043_mode_production_slab_thermal_case_gm_slab_em_thermal_pe_1_0000e_05_ge_1_0000e_01_kte_1_0000e_01_sh_1_0000e_00_st_2_0092e_01_si_lambert_ms_256_tc_thermal_kn_seed_2028141244_eb_256_mb_180,50000,14921,2.9842e-01,8.4428e-01,1.5572e-01,7135,7786,4.0602e-01,1.8361e-05,9.9998e-01,1.8361e+00,1.5572e-01,1.7201e-05,1.9425e-05,1.9860e-01,3.1685e-01,2.4145e-01,-2.9938e-01,5.4083e-01,true,0.0000e+00,true,1e-05,50000,2028141244
2.1544e-01,lambert,1.0000e-01,256,lambert_tau_044_mode_production_slab_thermal_case_gm_slab_em_thermal_pe_1_0000e_05_ge_1_0000e_01_kte_1_0000e_01_sh_1_0000e_00_st_2_1544e_01_si_lambert_ms_256_tc_thermal_kn_seed_2028141245_eb_256_mb_180,50000,15667,3.1334e-01,8.3866e-01,1.6134e-01,7600,8067,4.2934e-01,1.8917e-05,9.9998e-01,1.8917e+00,1.6134e-01,1.7345e-05,2.0398e-05,2.0276e-01,3.1536e-01,2.4030e-01,-3.0436e-01,5.4466e-01,true,0.0000e+00,true,1e-05,50000,2028141245
2.3101e-01,lambert,1.0000e-01,256,lambert_tau_045_mode_production_slab_thermal_case_gm_slab_em_thermal_pe_1_0000e_05_ge_1_0000e_01_kte_1_0000e_01_sh_1_0000e_00_st_2_3101e_01_si_lambert_ms_256_tc_thermal_kn_seed_2028141246_eb_256_mb_180,50000,16486,3.2972e-01,8.2794e-01,1.7206e-01,7883,8603,4.6070e-01,1.8771e-05,9.9998e-01,1.8771e+00,1.7206e-01,1.7618e-05,1.9828e-05,2.0119e-01,3.2593e-01,2.4458e-01,-2.8680e-01,5.3137e-01,true,0.0000e+00,true,1e-05,50000,2028141246
2.4771e-01,lambert,1.0000e-01,256,lambert_tau_046_mode_production_slab_thermal_case_gm_slab_em_thermal_pe_1_0000e_05_ge_1_0000e_01_kte_1_0000e_01_sh_1_0000e_00_st_2_4771e_01_si_lambert_ms_256_tc_thermal_kn_seed_2028141247_eb_256_mb_180,50000,17337,3.4674e-01,8.1724e-01,1.8276e-01,8199,9138,4.9126e-01,1.9095e-05,9.9998e-01,1.9095e+00,1.8276e-01,1.7972e-05,2.0102e-05,2.0637e-01,3.2173e-01,2.4042e-01,-2.9112e-01,5.3154e-01,true,0.0000e+00,true,1e-05,50000,2028141247
2.6561e-01,lambert,1.0000e-01,256,lambert_tau_047_mode_production_slab_thermal_case_gm_slab_em_thermal_pe_1_0000e_05_ge_1_0000e_01_kte_1_0000e_01_sh_1_0000e_00_st_2_6561e_01_si_lambert_ms_256_tc_thermal_kn_seed_2028141248_eb_256_mb_180,50000,18411,3.6822e-01,8.0424e-01,1.9576e-01,8623,9788,5.3464e-01,1.9805e-05,9.9998e-01,1.9805e+00,1.9576e-01,1.8196e-05,2.1224e-05,2.1176e-01,3.3296e-01,2.4603e-01,-2.8543e-01,5.3147e-01,true,0.0000e+00,true,1e-05,50000,2028141248
2.8480e-01,lambert,1.0000e-01,256,lambert_tau_048_mode_production_slab_thermal_case_gm_slab_em_thermal_pe_1_0000e_05_ge_1_0000e_01_kte_1_0000e_01_sh_1_0000e_00_st_2_8480e_01_si_lambert_ms_256_tc_thermal_kn_seed_2028141249_eb_256_mb_180,50000,19306,3.8612e-01,7.9624e-01,2.0376e-01,9118,10188,5.7334e-01,1.9769e-05,9.9998e-01,1.9769e+00,2.0376e-01,1.8476e-05,2.0925e-05,2.2121e-01,3.3539e-01,2.4314e-01,-2.8131e-01,5.2445e-01,true,0.0000e+00,true,1e-05,50000,2028141249
3.0539e-01,lambert,1.0000e-01,256,lambert_tau_049_mode_production_slab_thermal_case_gm_slab_em_thermal_pe_1_0000e_05_ge_1_0000e_01_kte_1_0000e_01_sh_1_0000e_00_st_3_0539e_01_si_lambert_ms_256_tc_thermal_kn_seed_2028141250_eb_256_mb_180,50000,20291,4.0582e-01,7.8458e-01,2.1542e-01,9520,10771,6.1354e-01,2.0464e-05,9.9998e-01,2.0464e+00,2.1542e-01,1.9216e-05,2.1567e-05,2.2227e-01,3.3609e-01,2.3120e-01,-2.8119e-01,5.1239e-01,true,0.0000e+00,true,1e-05,50000,2028141250
3.2745e-01,lambert,1.0000e-01,256,lambert_tau_050_mode_production_slab_thermal_case_gm_slab_em_thermal_pe_1_0000e_05_ge_1_0000e_01_kte_1_0000e_01_sh_1_0000e_00_st_3_2745e_01_si_lambert_ms_256_tc_thermal_kn_seed_2028141251_eb_256_mb_180,50000,21368,4.2736e-01,7.7372e-01,2.2628e-01,10054,11314,6.5704e-01,2.0878e-05,9.9998e-01,2.0878e+00,2.2628e-01,2.0086e-05,2.1581e-05,2.3941e-01,3.3940e-01,2.2479e-01,-2.8053e-01,5.0532e-01,true,0.0000e+00,true,1e-05,50000,2028141251
3.5112e-01,lambert,1.0000e-01,256,lambert_tau_051_mode_production_slab_thermal_case_gm_slab_em_thermal_pe_1_0000e_05_ge_1_0000e_01_kte_1_0000e_01_sh_1_0000e_00_st_3_5112e_01_si_lambert_ms_256_tc_thermal_kn_seed_2028141252_eb_256_mb_180,50000,22125,4.4250e-01,7.6214e-01,2.3786e-01,10232,11893,6.9656e-01,2.1079e-05,9.9998e-01,2.1079e+00,2.3786e-01,2.0078e-05,2.1939e-05,2.4306e-01,3.4012e-01,2.2789e-01,-2.8088e-01,5.0877e-01,true,0.0000e+00,true,1e-05,50000,2028141252
3.7649e-01,lambert,1.0000e-01,256,lambert_tau_052_mode_production_slab_thermal_case_gm_slab_em_thermal_pe_1_0000e_05_ge_1_0000e_01_kte_1_0000e_01_sh_1_0000e_00_st_3_7649e_01_si_lambert_ms_256_tc_thermal_kn_seed_2028141253_eb_256_mb_180,50000,23346,4.6692e-01,7.5108e-01,2.4892e-01,10900,12446,7.5316e-01,2.1856e-05,9.9998e-01,2.1856e+00,2.4892e-01,2.1028e-05,2.2581e-05,2.4688e-01,3.5072e-01,2.3467e-01,-2.6698e-01,5.0165e-01,true,0.0000e+00,true,1e-05,50000,2028141253
4.0370e-01,lambert,1.0000e-01,256,lambert_tau_053_mode_production_slab_thermal_case_gm_slab_em_thermal_pe_1_0000e_05_ge_1_0000e_01_kte_1_0000e_01_sh_1_0000e_00_st_4_0370e_01_si_lambert_ms_256_tc_thermal_kn_seed_2028141254_eb_256_mb_180,50000,24484,4.8968e-01,7.3974e-01,2.6026e-01,11471,13013,8.1496e-01,2.3005e-05,9.9998e-01,2.3005e+00,2.6026e-01,2.2172e-05,2.3739e-05,2.6040e-01,3.5618e-01,2.1488e-01,-2.6787e-01,4.8275e-01,true,0.0000e+00,true,1e-05,50000,2028141254
4.3288e-01,lambert,1.0000e-01,256,lambert_tau_054_mode_production_slab_thermal_case_gm_slab_em_thermal_pe_1_0000e_05_ge_1_0000e_01_kte_1_0000e_01_sh_1_0000e_00_st_4_3288e_01_si_lambert_ms_256_tc_thermal_kn_seed_2028141255_eb_256_mb_180,50000,25396,5.0792e-01,7.2660e-01,2.7340e-01,11726,13670,8.6176e-01,2.2996e-05,9.9998e-01,2.2996e+00,2.7340e-01,2.1761e-05,2.4056e-05,2.6360e-01,3.6094e-01,2.1829e-01,-2.6946e-01,4.8775e-01,true,0.0000e+00,true,1e-05,50000,2028141255
4.6416e-01,lambert,1.0000e-01,256,lambert_tau_055_mode_production_slab_thermal_case_gm_slab_em_thermal_pe_1_0000e_05_ge_1_0000e_01_kte_1_0000e_01_sh_1_0000e_00_st_4_6416e_01_si_lambert_ms_256_tc_thermal_kn_seed_2028141256_eb_256_mb_180,50000,26798,5.3596e-01,7.0840e-01,2.9160e-01,12218,14580,9.3678e-01,2.5044e-05,9.9998e-01,2.5044e+00,2.9160e-01,2.5001e-05,2.5080e-05,2.6911e-01,3.6680e-01,2.2102e-01,-2.4978e-01,4.7080e-01,true,0.0000e+00,true,1e-05,50000,2028141256
4.9770e-01,lambert,1.0000e-01,256,lambert_tau_056_mode_production_slab_thermal_case_gm_slab_em_thermal_pe_1_0000e_05_ge_1_0000e_01_kte_1_0000e_01_sh_1_0000e_00_st_4_9770e_01_si_lambert_ms_256_tc_thermal_kn_seed_2028141257_eb_256_mb_180,50000,27638,5.5276e-01,6.9522e-01,3.0478e-01,12399,15239,9.9016e-01,2.5456e-05,9.9998e-01,2.5456e+00,3.0478e-01,2.4954e-05,2.5864e-05,2.8147e-01,3.6715e-01,2.1449e-01,-2.5507e-01,4.6956e-01,true,0.0000e+00,true,1e-05,50000,2028141257
5.3367e-01,lambert,1.0000e-01,256,lambert_tau_057_mode_production_slab_thermal_case_gm_slab_em_thermal_pe_1_0000e_05_ge_1_0000e_01_kte_1_0000e_01_sh_1_0000e_00_st_5_3367e_01_si_lambert_ms_256_tc_thermal_kn_seed_2028141258_eb_256_mb_180,50000,28838,5.7676e-01,6.8484e-01,3.1516e-01,13080,15758,1.0649e+00,2.6759e-05,9.9998e-01,2.6759e+00,3.1516e-01,2.6909e-05,2.6634e-05,2.8471e-01,3.8285e-01,2.1744e-01,-2.5296e-01,4.7040e-01,true,0.0000e+00,true,1e-05,50000,2028141258
5.7224e-01,lambert,1.0000e-01,256,lambert_tau_058_mode_production_slab_thermal_case_gm_slab_em_thermal_pe_1_0000e_05_ge_1_0000e_01_kte_1_0000e_01_sh_1_0000e_00_st_5_7224e_01_si_lambert_ms_256_tc_thermal_kn_seed_2028141259_eb_256_mb_180,50000,29964,5.9928e-01,6.7134e-01,3.2866e-01,13531,16433,1.1443e+00,2.8991e-05,9.9998e-01,2.8991e+00,3.2866e-01,2.9342e-05,2.8702e-05,2.9953e-01,3.8891e-01,2.0929e-01,-2.5489e-01,4.6418e-01,true,0.0000e+00,true,1e-05,50000,2028141259
6.1359e-01,lambert,1.0000e-01,256,lambert_tau_059_mode_production_slab_thermal_case_gm_slab_em_thermal_pe_1_0000e_05_ge_1_0000e_01_kte_1_0000e_01_sh_1_0000e_00_st_6_1359e_01_si_lambert_ms_256_tc_thermal_kn_seed_2028141260_eb_256_mb_180,50000,31119,6.2238e-01,6.5200e-01,3.4800e-01,13719,17400,1.2199e+00,3.0311e-05,9.9998e-01,3.0311e+00,3.4800e-01,2.8977e-05,3.1363e-05,3.0717e-01,3.8649e-01,2.1192e-01,-2.4314e-01,4.5505e-01,true,0.0000e+00,true,1e-05,50000,2028141260
6.5793e-01,lambert,1.0000e-01,256,lambert_tau_060_mode_production_slab_thermal_case_gm_slab_em_thermal_pe_1_0000e_05_ge_1_0000e_01_kte_1_0000e_01_sh_1_0000e_00_st_6_5793e_01_si_lambert_ms_256_tc_thermal_kn_seed_2028141261_eb_256_mb_180,50000,32420,6.4840e-01,6.3784e-01,3.6216e-01,14312,18108,1.3222e+00,3.1876e-05,9.9997e-01,3.1876e+00,3.6216e-01,3.2383e-05,3.1476e-05,3.2274e-01,4.0281e-01,2.0563e-01,-2.3656e-01,4.4219e-01,true,0.0000e+00,true,1e-05,50000,2028141261
7.0548e-01,lambert,1.0000e-01,256,lambert_tau_061_mode_production_slab_thermal_case_gm_slab_em_thermal_pe_1_0000e_05_ge_1_0000e_01_kte_1_0000e_01_sh_1_0000e_00_st_7_0548e_01_si_lambert_ms_256_tc_thermal_kn_seed_2028141262_eb_256_mb_180,50000,33606,6.7212e-01,6.2554e-01,3.7446e-01,14883,18723,1.4237e+00,3.4451e-05,9.9997e-01,3.4451e+00,3.7446e-01,3.4194e-05,3.4656e-05,3.3239e-01,4.0880e-01,2.0454e-01,-2.2633e-01,4.3086e-01,true,0.0000e+00,true,1e-05,50000,2028141262
7.5646e-01,lambert,1.0000e-01,256,lambert_tau_062_mode_production_slab_thermal_case_gm_slab_em_thermal_pe_1_0000e_05_ge_1_0000e_01_kte_1_0000e_01_sh_1_0000e_00_st_7_5646e_01_si_lambert_ms_256_tc_thermal_kn_seed_2028141263_eb_256_mb_180,50000,34777,6.9554e-01,6.0772e-01,3.9228e-01,15163,19614,1.5199e+00,3.8291e-05,9.9997e-01,3.8291e+00,3.9228e-01,3.8395e-05,3.8210e-05,3.4459e-01,4.0721e-01,2.0718e-01,-2.2209e-01,4.2926e-01,true,0.0000e+00,true,1e-05,50000,2028141263
8.1113e-01,lambert,1.0000e-01,256,lambert_tau_063_mode_production_slab_thermal_case_gm_slab_em_thermal_pe_1_0000e_05_ge_1_0000e_01_kte_1_0000e_01_sh_1_0000e_00_st_8_1113e_01_si_lambert_ms_256_tc_thermal_kn_seed_2028141264_eb_256_mb_180,50000,35668,7.1336e-01,5.9576e-01,4.0424e-01,15456,20212,1.6138e+00,4.1630e-05,9.9997e-01,4.1630e+00,4.0424e-01,4.6276e-05,3.8077e-05,3.5585e-01,4.1668e-01,1.9463e-01,-2.1472e-01,4.0935e-01,true,0.0000e+00,true,1e-05,50000,2028141264
8.6975e-01,lambert,1.0000e-01,256,lambert_tau_064_mode_production_slab_thermal_case_gm_slab_em_thermal_pe_1_0000e_05_ge_1_0000e_01_kte_1_0000e_01_sh_1_0000e_00_st_8_6975e_01_si_lambert_ms_256_tc_thermal_kn_seed_2028141265_eb_256_mb_180,50000,37017,7.4034e-01,5.7454e-01,4.2546e-01,15744,21273,1.7471e+00,4.3451e-05,9.9997e-01,4.3451e+00,4.2546e-01,4.7325e-05,4.0584e-05,3.6331e-01,4.2481e-01,1.9811e-01,-2.1441e-01,4.1252e-01,true,0.0000e+00,true,1e-05,50000,2028141265
9.3260e-01,lambert,1.0000e-01,256,lambert_tau_065_mode_production_slab_thermal_case_gm_slab_em_thermal_pe_1_0000e_05_ge_1_0000e_01_kte_1_0000e_01_sh_1_0000e_00_st_9_3260e_01_si_lambert_ms_256_tc_thermal_kn_seed_2028141266_eb_256_mb_180,50000,38061,7.6122e-01,5.6064e-01,4.3936e-01,16093,21968,1.8725e+00,4.8518e-05,9.9996e-01,4.8518e+00,4.3936e-01,5.1773e-05,4.6133e-05,3.8675e-01,4.3395e-01,1.9314e-01,-2.1385e-01,4.0699e-01,true,0.0000e+00,true,1e-05,50000,2028141266
1.0000e+00,lambert,1.0000e-01,256,lambert_tau_066_mode_production_slab_thermal_case_gm_slab_em_thermal_pe_1_0000e_05_ge_1_0000e_01_kte_1_0000e_01_sh_1_0000e_00_st_1_0000e_00_si_lambert_ms_256_tc_thermal_kn_seed_2028141267_eb_256_mb_180,50000,38991,7.7982e-01,5.4376e-01,4.5624e-01,16179,22812,1.9898e+00,6.5757e-05,9.9995e-01,6.5757e+00,4.5624e-01,6.9498e-05,6.3105e-05,3.9891e-01,4.4192e-01,1.9339e-01,-2.1127e-01,4.0466e-01,true,0.0000e+00,true,1e-05,50000,2028141267
1.0723e+00,lambert,1.0000e-01,256,lambert_tau_067_mode_production_slab_thermal_case_gm_slab_em_thermal_pe_1_0000e_05_ge_1_0000e_01_kte_1_0000e_01_sh_1_0000e_00_st_1_0723e_00_si_lambert_ms_256_tc_thermal_kn_seed_2028141268_eb_256_mb_180,50000,40074,8.0148e-01,5.2514e-01,4.7486e-01,16331,23743,2.1502e+00,6.6054e-05,9.9995e-01,6.6054e+00,4.7486e-01,8.0027e-05,5.6444e-05,4.1510e-01,4.4586e-01,1.8522e-01,-1.9451e-01,3.7974e-01,true,0.0000e+00,true,1e-05,50000,2028141268
1.1498e+00,lambert,1.0000e-01,256,lambert_tau_068_mode_production_slab_thermal_case_gm_slab_em_thermal_pe_1_0000e_05_ge_1_0000e_01_kte_1_0000e_01_sh_1_0000e_00_st_1_1498e_00_si_lambert_ms_256_tc_thermal_kn_seed_2028141269_eb_256_mb_180,50000,41115,8.2230e-01,5.0898e-01,4.9102e-01,16564,24551,2.3077e+00,8.1983e-05,9.9993e-01,8.1983e+00,4.9102e-01,9.4617e-05,7.3458e-05,4.3486e-01,4.6295e-01,1.9027e-01,-1.8964e-01,3.7991e-01,true,0.0000e+00,true,1e-05,50000,2028141269
1.2328e+00,lambert,1.0000e-01,256,lambert_tau_069_mode_production_slab_thermal_case_gm_slab_em_thermal_pe_1_0000e_05_ge_1_0000e_01_kte_1_0000e_01_sh_1_0000e_00_st_1_2328e_00_si_lambert_ms_256_tc_thermal_kn_seed_2028141270_eb_256_mb_180,50000,42050,8.4100e-01,4.9600e-01,5.0400e-01,16850,25200,2.4790e+00,9.9964e-05,9.9992e-01,9.9964e+00,5.0400e-01,1.1331e-04,9.1040e-05,4.4772e-01,4.6853e-01,1.7832e-01,-1.8514e-01,3.6347e-01,true,0.0000e+00,true,1e-05,50000,2028141270
1.3219e+00,lambert,1.0000e-01,256,lambert_tau_070_mode_production_slab_thermal_case_gm_slab_em_thermal_pe_1_0000e_05_ge_1_0000e_01_kte_1_0000e_01_sh_1_0000e_00_st_1_3219e_00_si_lambert_ms_256_tc_thermal_kn_seed_2028141271_eb_256_mb_180,50000,42817,8.5634e-01,4.7648e-01,5.2352e-01,16641,26176,2.6250e+00,1.1515e-04,9.9990e-01,1.1515e+01,5.2352e-01,1.2848e-04,1.0668e-04,4.6662e-01,4.7563e-01,1.8734e-01,-1.7881e-01,3.6616e-01,true,0.0000e+00,true,1e-05,50000,2028141271
1.4175e+00,lambert,1.0000e-01,256,lambert_tau_071_mode_production_slab_thermal_case_gm_slab_em_thermal_pe_1_0000e_05_ge_1_0000e_01_kte_1_0000e_01_sh_1_0000e_00_st_1_4175e_00_si_lambert_ms_256_tc_thermal_kn_seed_2028141272_eb_256_mb_180,50000,43723,8.7446e-01,4.5928e-01,5.4072e-01,16687,27036,2.8373e+00,1.7488e-04,9.9987e-01,1.7488e+01,5.4072e-01,2.2500e-04,1.4395e-04,4.8876e-01,4.8376e-01,1.7396e-01,-1.7617e-01,3.5013e-01,true,0.0000e+00,true,1e-05,50000,2028141272
1.5199e+00,lambert,1.0000e-01,256,lambert_tau_072_mode_production_slab_thermal_case_gm_slab_em_thermal_pe_1_0000e_05_ge_1_0000e_01_kte_1_0000e_01_sh_1_0000e_00_st_1_5199e_00_si_lambert_ms_256_tc_thermal_kn_seed_2028141273_eb_256_mb_180,50000,44386,8.8772e-01,4.4870e-01,5.5130e-01,16821,27565,3.0553e+00,2.1796e-04,9.9984e-01,2.1796e+01,5.5130e-01,3.1970e-04,1.5588e-04,5.0502e-01,4.9331e-01,1.7561e-01,-1.6620e-01,3.4181e-01,true,0.0000e+00,true,1e-05,50000,2028141273
1.6298e+00,lambert,1.0000e-01,256,lambert_tau_073_mode_production_slab_thermal_case_gm_slab_em_thermal_pe_1_0000e_05_ge_1_0000e_01_kte_1_0000e_01_sh_1_0000e_00_st_1_6298e_00_si_lambert_ms_256_tc_thermal_kn_seed_2028141274_eb_256_mb_180,50000,45229,9.0458e-01,4.2798e-01,5.7202e-01,16628,28601,3.2764e+00,2.4330e-04,9.9982e-01,2.4330e+01,5.7202e-01,3.3329e-04,1.9098e-04,5.3007e-01,5.0309e-01,1.6709e-01,-1.6427e-01,3.3136e-01,true,0.0000e+00,true,1e-05,50000,2028141274
1.7475e+00,lambert,1.0000e-01,256,lambert_tau_074_mode_production_slab_thermal_case_gm_slab_em_thermal_pe_1_0000e_05_ge_1_0000e_01_kte_1_0000e_01_sh_1_0000e_00_st_1_7475e_00_si_lambert_ms_256_tc_thermal_kn_seed_2028141275_eb_256_mb_180,50000,45920,9.1840e-01,4.0708e-01,5.9292e-01,16274,29646,3.4950e+00,3.4475e-04,9.9975e-01,3.4475e+01,5.9292e-01,5.3440e-04,2.4065e-04,5.5235e-01,5.1349e-01,1.6279e-01,-1.6257e-01,3.2535e-01,true,0.0000e+00,true,1e-05,50000,2028141275
1.8738e+00,lambert,1.0000e-01,256,lambert_tau_075_mode_production_slab_thermal_case_gm_slab_em_thermal_pe_1_0000e_05_ge_1_0000e_01_kte_1_0000e_01_sh_1_0000e_00_st_1_8738e_00_si_lambert_ms_256_tc_thermal_kn_seed_2028141276_eb_256_mb_180,50000,46465,9.2930e-01,3.9278e-01,6.0722e-01,16104,30361,3.7559e+00,4.6465e-04,9.9965e-01,4.6465e+01,6.0722e-01,6.7370e-04,3.5376e-04,5.7011e-01,5.2119e-01,1.6754e-01,-1.4888e-01,3.1642e-01,true,0.0000e+00,true,1e-05,50000,2028141276
2.0092e+00,lambert,1.0000e-01,256,lambert_tau_076_mode_production_slab_thermal_case_gm_slab_em_thermal_pe_1_0000e_05_ge_1_0000e_01_kte_1_0000e_01_sh_1_0000e_00_st_2_0092e_00_si_lambert_ms_256_tc_thermal_kn_seed_2028141277_eb_256_mb_180,50000,47039,9.4078e-01,3.7886e-01,6.2114e-01,15982,31057,4.0391e+00,6.8874e-04,9.9950e-01,6.8874e+01,6.2114e-01,1.1007e-03,4.7673e-04,6.0637e-01,5.2842e-01,1.5896e-01,-1.4509e-01,3.0405e-01,true,0.0000e+00,true,1e-05,50000,2028141277
2.1544e+00,lambert,1.0000e-01,256,lambert_tau_077_mode_production_slab_thermal_case_gm_slab_em_thermal_pe_1_0000e_05_ge_1_0000e_01_kte_1_0000e_01_sh_1_0000e_00_st_2_1544e_00_si_lambert_ms_256_tc_thermal_kn_seed_2028141278_eb_256_mb_180,50000,47519,9.5038e-01,3.6772e-01,6.3228e-01,15905,31614,4.3061e+00,8.3874e-04,9.9940e-01,8.3874e+01,6.3228e-01,1.1282e-03,6.9311e-04,6.1899e-01,5.3805e-01,1.5858e-01,-1.3477e-01,2.9335e-01,true,0.0000e+00,true,1e-05,50000,2028141278
2.3101e+00,lambert,1.0000e-01,256,lambert_tau_078_mode_production_slab_thermal_case_gm_slab_em_thermal_pe_1_0000e_05_ge_1_0000e_01_kte_1_0000e_01_sh_1_0000e_00_st_2_3101e_00_si_lambert_ms_256_tc_thermal_kn_seed_2028141279_eb_256_mb_180,50000,47931,9.5862e-01,3.4962e-01,6.5038e-01,15412,32519,4.6240e+00,1.1546e-03,9.9918e-01,1.1546e+02,6.5038e-01,1.7744e-03,8.6084e-04,6.4651e-01,5.4540e-01,1.5897e-01,-1.3671e-01,2.9568e-01,true,0.0000e+00,true,1e-05,50000,2028141279
2.4771e+00,lambert,1.0000e-01,256,lambert_tau_079_mode_production_slab_thermal_case_gm_slab_em_thermal_pe_1_0000e_05_ge_1_0000e_01_kte_1_0000e_01_sh_1_0000e_00_st_2_4771e_00_si_lambert_ms_256_tc_thermal_kn_seed_2028141280_eb_256_mb_180,50000,48272,9.6544e-01,3.3458e-01,6.6542e-01,15001,33271,4.9739e+00,1.6522e-03,9.9887e-01,1.6522e+02,6.6542e-01,2.8239e-03,1.1239e-03,6.7469e-01,5.5330e-01,1.5633e-01,-1.2688e-01,2.8321e-01,true,0.0000e+00,true,1e-05,50000,2028141280
2.6561e+00,lambert,1.0000e-01,256,lambert_tau_080_mode_production_slab_thermal_case_gm_slab_em_thermal_pe_1_0000e_05_ge_1_0000e_01_kte_1_0000e_01_sh_1_0000e_00_st_2_6561e_00_si_lambert_ms_256_tc_thermal_kn_seed_2028141281_eb_256_mb_180,50000,48660,9.7320e-01,3.1892e-01,6.8108e-01,14606,34054,5.3145e+00,2.1435e-03,9.9855e-01,2.1435e+02,6.8108e-01,3.6810e-03,1.4841e-03,6.9869e-01,5.6043e-01,1.5627e-01,-1.1972e-01,2.7599e-01,true,0.0000e+00,true,1e-05,50000,2028141281
2.8480e+00,lambert,1.0000e-01,256,lambert_tau_081_mode_production_slab_thermal_case_gm_slab_em_thermal_pe_1_0000e_05_ge_1_0000e_01_kte_1_0000e_01_sh_1_0000e_00_st_2_8480e_00_si_lambert_ms_256_tc_thermal_kn_seed_2028141282_eb_256_mb_180,50000,48917,9.7834e-01,3.0534e-01,6.9466e-01,14184,34733,5.6420e+00,2.5647e-03,9.9828e-01,2.5647e+02,6.9466e-01,4.4124e-03,1.8101e-03,7.2187e-01,5.6756e-01,1.5098e-01,-1.1591e-01,2.6689e-01,true,0.0000e+00,true,1e-05,50000,2028141282
3.0539e+00,lambert,1.0000e-01,256,lambert_tau_082_mode_production_slab_thermal_case_gm_slab_em_thermal_pe_1_0000e_05_ge_1_0000e_01_kte_1_0000e_01_sh_1_0000e_00_st_3_0539e_00_si_lambert_ms_256_tc_thermal_kn_seed_2028141283_eb_256_mb_180,50000,49163,9.8326e-01,2.9006e-01,7.0994e-01,13666,35497,6.0312e+00,3.4425e-03,9.9775e-01,3.4425e+02,7.0994e-01,6.2486e-03,2.3622e-03,7.5209e-01,5.7132e-01,1.5688e-01,-1.1047e-01,2.6735e-01,true,0.0000e+00,true,1e-05,50000,2028141283
3.2745e+00,lambert,1.0000e-01,256,lambert_tau_083_mode_production_slab_thermal_case_gm_slab_em_thermal_pe_1_0000e_05_ge_1_0000e_01_kte_1_0000e_01_sh_1_0000e_00_st_3_2745e_00_si_lambert_ms_256_tc_thermal_kn_seed_2028141284_eb_256_mb_180,50000,49313,9.8626e-01,2.7962e-01,7.2038e-01,13294,36019,6.4535e+00,4.7287e-03,9.9688e-01,4.7287e+02,7.2038e-01,8.3287e-03,3.4000e-03,7.7855e-01,5.8550e-01,1.5798e-01,-1.0719e-01,2.6517e-01,true,0.0000e+00,true,1e-05,50000,2028141284
3.5112e+00,lambert,1.0000e-01,256,lambert_tau_084_mode_production_slab_thermal_case_gm_slab_em_thermal_pe_1_0000e_05_ge_1_0000e_01_kte_1_0000e_01_sh_1_0000e_00_st_3_5112e_00_si_lambert_ms_256_tc_thermal_kn_seed_2028141285_eb_256_mb_180,50000,49512,9.9024e-01,2.6330e-01,7.3670e-01,12677,36835,6.9128e+00,5.8944e-03,9.9609e-01,5.8944e+02,7.3670e-01,1.1183e-02,4.0744e-03,8.0413e-01,5.9294e-01,1.4895e-01,-1.0381e-01,2.5275e-01,true,0.0000e+00,true,1e-05,50000,2028141285
3.7649e+00,lambert,1.0000e-01,256,lambert_tau_085_mode_production_slab_thermal_case_gm_slab_em_thermal_pe_1_0000e_05_ge_1_0000e_01_kte_1_0000e_01_sh_1_0000e_00_st_3_7649e_00_si_lambert_ms_256_tc_thermal_kn_seed_2028141286_eb_256_mb_180,50000,49666,9.9332e-01,2.5220e-01,7.4780e-01,12276,37390,7.3341e+00,7.4106e-03,9.9521e-01,7.4106e+02,7.4780e-01,1.5011e-02,4.9151e-03,8.2250e-01,5.9893e-01,1.5003e-01,-9.6960e-02,2.4699e-01,true,0.0000e+00,true,1e-05,50000,2028141286
4.0370e+00,lambert,1.0000e-01,256,lambert_tau_086_mode_production_slab_thermal_case_gm_slab_em_thermal_pe_1_0000e_05_ge_1_0000e_01_kte_1_0000e_01_sh_1_0000e_00_st_4_0370e_00_si_lambert_ms_256_tc_thermal_kn_seed_2028141287_eb_256_mb_180,50000,49707,9.9414e-01,2.3728e-01,7.6272e-01,11571,38136,7.8915e+00,9.5389e-03,9.9391e-01,9.5389e+02,7.6272e-01,2.0146e-02,6.3205e-03,8.4712e-01,6.0565e-01,1.4995e-01,-9.6562e-02,2.4651e-01,true,0.0000e+00,true,1e-05,50000,2028141287
4.3288e+00,lambert,1.0000e-01,256,lambert_tau_087_mode_production_slab_thermal_case_gm_slab_em_thermal_pe_1_0000e_05_ge_1_0000e_01_kte_1_0000e_01_sh_1_0000e_00_st_4_3288e_00_si_lambert_ms_256_tc_thermal_kn_seed_2028141288_eb_256_mb_180,50000,49830,9.9660e-01,2.2104e-01,7.7896e-01,10882,38948,8.3989e+00,1.1505e-02,9.9272e-01,1.1505e+03,7.7896e-01,2.5976e-02,7.4616e-03,8.6289e-01,6.0948e-01,1.5907e-01,-8.9320e-02,2.4839e-01,true,0.0000e+00,true,1e-05,50000,2028141288
4.6416e+00,lambert,1.0000e-01,256,lambert_tau_088_mode_production_slab_thermal_case_gm_slab_em_thermal_pe_1_0000e_05_ge_1_0000e_01_kte_1_0000e_01_sh_1_0000e_00_st_4_6416e_00_si_lambert_ms_256_tc_thermal_kn_seed_2028141289_eb_256_mb_180,50000,49865,9.9730e-01,2.1362e-01,7.8638e-01,10546,39319,8.9014e+00,1.3984e-02,9.9133e-01,1.3984e+03,7.8638e-01,3.3122e-02,8.8509e-03,8.8640e-01,6.1492e-01,1.5586e-01,-8.1680e-02,2.3754e-01,true,0.0000e+00,true,1e-05,50000,2028141289
4.9770e+00,lambert,1.0000e-01,256,lambert_tau_089_mode_production_slab_thermal_case_gm_slab_em_thermal_pe_1_0000e_05_ge_1_0000e_01_kte_1_0000e_01_sh_1_0000e_00_st_4_9770e_00_si_lambert_ms_256_tc_thermal_kn_seed_2028141290_eb_256_mb_180,50000,49923,9.9846e-01,2.0476e-01,7.9524e-01,10161,39762,9.4589e+00,1.7517e-02,9.8929e-01,1.7517e+03,7.9524e-01,4.3329e-02,1.0920e-02,9.0749e-01,6.1851e-01,1.6398e-01,-8.4066e-02,2.4804e-01,true,0.0000e+00,true,1e-05,50000,2028141290
5.3367e+00,lambert,1.0000e-01,256,lambert_tau_090_mode_production_slab_thermal_case_gm_slab_em_thermal_pe_1_0000e_05_ge_1_0000e_01_kte_1_0000e_01_sh_1_0000e_00_st_5_3367e_00_si_lambert_ms_256_tc_thermal_kn_seed_2028141291_eb_256_mb_180,50000,49937,9.9874e-01,1.9098e-01,8.0902e-01,9486,40451,1.0039e+01,1.9911e-02,9.8779e-01,1.9911e+03,8.0902e-01,5.1025e-02,1.2615e-02,9.2610e-01,6.2678e-01,1.7296e-01,-8.1567e-02,2.5453e-01,true,0.0000e+00,true,1e-05,50000,2028141291
5.7224e+00,lambert,1.0000e-01,256,lambert_tau_091_mode_production_slab_thermal_case_gm_slab_em_thermal_pe_1_0000e_05_ge_1_0000e_01_kte_1_0000e_01_sh_1_0000e_00_st_5_7224e_00_si_lambert_ms_256_tc_thermal_kn_seed_2028141292_eb_256_mb_180,50000,49964,9.9928e-01,1.8170e-01,8.1830e-01,9049,40915,1.0675e+01,2.4292e-02,9.8552e-01,2.4292e+03,8.1830e-01,6.6872e-02,1.4875e-02,9.4010e-01,6.3473e-01,1.7366e-01,-7.5037e-02,2.4869e-01,true,0.0000e+00,true,1e-05,50000,2028141292
6.1359e+00,lambert,1.0000e-01,256,lambert_tau_092_mode_production_slab_thermal_case_gm_slab_em_thermal_pe_1_0000e_05_ge_1_0000e_01_kte_1_0000e_01_sh_1_0000e_00_st_6_1359e_00_si_lambert_ms_256_tc_thermal_kn_seed_2028141293_eb_256_mb_180,50000,49973,9.9946e-01,1.7008e-01,8.2992e-01,8477,41496,1.1143e+01,2.7145e-02,9.8401e-01,2.7145e+03,8.2992e-01,7.7634e-02,1.6830e-02,9.5352e-01,6.3746e-01,1.6953e-01,-7.2977e-02,2.4250e-01,true,0.0000e+00,true,1e-05,50000,2028141293
6.5793e+00,lambert,1.0000e-01,256,lambert_tau_093_mode_production_slab_thermal_case_gm_slab_em_thermal_pe_1_0000e_05_ge_1_0000e_01_kte_1_0000e_01_sh_1_0000e_00_st_6_5793e_00_si_lambert_ms_256_tc_thermal_kn_seed_2028141294_eb_256_mb_180,50000,49993,9.9986e-01,1.6110e-01,8.3890e-01,8048,41945,1.1937e+01,3.1986e-02,9.8130e-01,3.1986e+03,8.3890e-01,9.2512e-02,2.0372e-02,9.6496e-01,6.4549e-01,1.9465e-01,-6.5754e-02,2.6041e-01,true,0.0000e+00,true,1e-05,50000,2028141294
7.0548e+00,lambert,1.0000e-01,256,lambert_tau_094_mode_production_slab_thermal_case_gm_slab_em_thermal_pe_1_0000e_05_ge_1_0000e_01_kte_1_0000e_01_sh_1_0000e_00_st_7_0548e_00_si_lambert_ms_256_tc_thermal_kn_seed_2028141295_eb_256_mb_180,50000,49990,9.9980e-01,1.4968e-01,8.5032e-01,7474,42516,1.2326e+01,3.5289e-02,9.7937e-01,3.5289e+03,8.5032e-01,1.1206e-01,2.1793e-02,9.7097e-01,6.4366e-01,1.8969e-01,-6.1659e-02,2.5135e-01,true,0.0000e+00,true,1e-05,50000,2028141295
7.5646e+00,lambert,1.0000e-01,256,lambert_tau_095_mode_production_slab_thermal_case_gm_slab_em_thermal_pe_1_0000e_05_ge_1_0000e_01_kte_1_0000e_01_sh_1_0000e_00_st_7_5646e_00_si_lambert_ms_256_tc_thermal_kn_seed_2028141296_eb_256_mb_180,50000,49997,9.9994e-01,1.4190e-01,8.5810e-01,7092,42905,1.2938e+01,3.8868e-02,9.7769e-01,3.8868e+03,8.5810e-01,1.2897e-01,2.3974e-02,9.8054e-01,6.4426e-01,2.0489e-01,-6.4316e-02,2.6920e-01,true,0.0000e+00,true,1e-05,50000,2028141296
8.1113e+00,lambert,1.0000e-01,256,lambert_tau_096_mode_production_slab_thermal_case_gm_slab_em_thermal_pe_1_0000e_05_ge_1_0000e_01_kte_1_0000e_01_sh_1_0000e_00_st_8_1113e_00_si_lambert_ms_256_tc_thermal_kn_seed_2028141297_eb_256_mb_180,50000,49999,9.9998e-01,1.3760e-01,8.6240e-01,6879,43120,1.3824e+01,4.4435e-02,9.7484e-01,4.4435e+03,8.6240e-01,1.5619e-01,2.6607e-02,9.8634e-01,6.6190e-01,2.1172e-01,-5.3525e-02,2.6525e-01,true,0.0000e+00,true,1e-05,50000,2028141297
8.6975e+00,lambert,1.0000e-01,256,lambert_tau_097_mode_production_slab_thermal_case_gm_slab_em_thermal_pe_1_0000e_05_ge_1_0000e_01_kte_1_0000e_01_sh_1_0000e_00_st_8_6975e_00_si_lambert_ms_256_tc_thermal_kn_seed_2028141298_eb_256_mb_180,50000,49998,9.9996e-01,1.2996e-01,8.7004e-01,6496,43502,1.4433e+01,4.7871e-02,9.7279e-01,4.7871e+03,8.7004e-01,1.6834e-01,2.9883e-02,9.8999e-01,6.5231e-01,2.2109e-01,-5.3989e-02,2.7508e-01,true,0.0000e+00,true,1e-05,50000,2028141298
9.3260e+00,lambert,1.0000e-01,256,lambert_tau_098_mode_production_slab_thermal_case_gm_slab_em_thermal_pe_1_0000e_05_ge_1_0000e_01_kte_1_0000e_01_sh_1_0000e_00_st_9_3260e_00_si_lambert_ms_256_tc_thermal_kn_seed_2028141299_eb_256_mb_180,50000,49999,9.9998e-01,1.2252e-01,8.7748e-01,6125,43874,1.4929e+01,5.0036e-02,9.7216e-01,5.0036e+03,8.7748e-01,1.8870e-01,3.0677e-02,9.9510e-01,6.5563e-01,2.2358e-01,-4.7297e-02,2.7088e-01,true,0.0000e+00,true,1e-05,50000,2028141299
1.0000e+01,lambert,1.0000e-01,256,lambert_tau_099_mode_production_slab_thermal_case_gm_slab_em_thermal_pe_1_0000e_05_ge_1_0000e_01_kte_1_0000e_01_sh_1_0000e_00_st_1_0000e_01_si_lambert_ms_256_tc_thermal_kn_seed_2028141300_eb_256_mb_180,50000,50000,1.0000e+00,1.1318e-01,8.8682e-01,5659,44341,1.5560e+01,5.3490e-02,9.7030e-01,5.3490e+03,8.8682e-01,2.1027e-01,3.3481e-02,9.9611e-01,6.5934e-01,2.5209e-01,-5.0457e-02,3.0254e-01,true,0.0000e+00,true,1e-05,50000,2028141300
